created_date,article
2021-08-30, 최근 영국 소셜미디어 업체 온리팬스 가 성인물 콘텐츠 게시를 금지하는 결정을  렸다가 이를 금  번복하는 일이 있었는데 아마도 우린 그 정확한 이유를 알 수 없을 것이다 하지만 암호화폐가 그 원인 중 하나였을 거란 사실은 짐작할 수 있다 우리는 이번 일을 계기로 암호화폐 기술이 널리 대중화되지 않더라도 금융과 개인의 자유를 성취할 수 있다는 것을 알게 됐다 암호화폐라는 옵션이 선택지로 있기만 해도 금융서비스 중개업체들이 정부를 대신해 적법하지 않은 재량권을 휘두르는 행위를 줄일 수 있다 당초 자사 플랫폼에 포르노 게시를 금지했던 온리팬스의 조처가 불편하게 느껴졌던 이유는 바로 이 재량권의 행사 때문이었다 이번   칼럼에서는 이   를 다루려 한다 자사 사이트의 포르노 퇴출 압력을 받고 있는 온라인 구독 서비스  공업체에 관한 칼럼을 쓰면서 계몽 의 철학자를 거론한다는 게 다소 지나치다고 느껴질 수 있다 하지만 이 상황을 설명하기엔 프랑스 철학자 바롱 드 몽테스키외 가 핵심적으로  장한 삼권분립 이론이 가장 적합하다 지난  수십만에 달하는 성인물 콘텐츠 크리에이터들을 자사 사이트에서 퇴출하겠다는 결정을  렸다가 갑자기 결정을 번복한 온리팬스 사태를 일으켰던 진짜  범은 온리팬스의 도 포르노 퇴출 압력을 넣었다고 전해지는 은행도 아니었다 다름 아닌 국가였다 온리팬스가 결정을 번복할 때까지 이 사태는 정부가 도를 넘어 과도한 개입을 한 사례가 될 뻔했다 다른 모든 측면에서 온전히 합법적인 상업 분야를 상대로 금융업계의 게이트키퍼들이 스스로  안관 역할을 하는 것을 허용함으로써 실 로는 이를 부추겼다 미국 정부는  기 프랑스의 몽테스키외가 심히 경계했던 재량권을 행사했다 정치학 입문 강의 시간에 배웠던 삼권분립을 떠올려 자 행정부는 경찰과 검찰 감독기관을 갖추고 법을 이행하는 역할을 한다 하지만 이들은 법을 만들지는 않는다 법은 입법부에서 만드는 것으로 입법부는 그들이 만든 법규를 이행하는 데 필 한 권한과 무기를 갖지 못한다 결국 우리가 따라야 하는 원칙은 법치이며 법치가 모든 걸 순조롭고 예측 가능하게 만든다 입법부가 불법으로 판단한 활동만 국가가  약할 수 있고 정책 입안자들이 불법으로 규정하지 않은 행동을 건드릴 권한은 국가에 없다 하지만 신용 발행과 결  관리뿐만 아니라 돈을 찍어낼 권한마저 은행에  고 있는 현대 금융 시스템 에서는 앞서 말한 삼권분립의 설계상 결함이 존재한다 민간 기업인 은행은 사람들의 행동을 통 할 수 있는 고유한 지위를 가진다 암호화폐가 등장하기 전까지는 은행의 승인 없이 비현금 상업활동을 하는 게 사실상 불가능했다 그런데 은행들 자체가 은행 안법 이나 도드 프랭크법 사베인스 옥슬리법 등 법령에서 정하는 준법 규정을 반드시 준수해야 할 의무가 있어 정부의 영향을 받고 따라서 은행이 실질적으로 국가 이익을 대변하는 대리인 역할 을 하게 됐다 이게 바로 온리팬스의 결정 번복이 한 줄기 희망을  는 이유다 온리팬스가 포르노 퇴출 결정을 번복한 것은 분명 매출 감소에 대한 두려움 때문 올해 예상 매출이 억달러를 상회하는 가운데 이 중 대부분이 성인물 콘텐츠에서 온 것으로 추정 이었겠지만 여기서 온리팬스가 다양한 창작자 커뮤니티를 지원하는 데 필 한  장 을 받은 다음 그런 조치를 취했다는 게 중 하다 이 말은 은행들이 준법 관련 이슈가 없을 거란  장을 당국에서 확인받았음을 의미한다 관련된 모든 당사자들이 입장을 바꾸기까지 어떤 논의가 오갔는지는 알기 어렵겠지만 최근 떠오른 개인 간 결  대안이 이유가 아니었을까 짐작해봄 직하다 암호화폐가 성 노동자들을 직접적으로 구하진 못했을지 모르나 신용카드 대신 암호화폐를 사용할 수 있다는 생각이  가 표현의 자유와 법치의 승리라 평가한 업적을 이루도록 기여했을 가능성이 높다 이전에도 본 칼럼에서 자  언급했지만 미국의 글로벌 경  패권은 바로 이 관계에서 나온다 은행들이 자금 거래를 모니터링해 당국에  고하는 협조 행위가 미국이 블랙리스트에 올린 깡패 정권 들에게  재를 가하는 데 있어 아  중 한 역할을 한다 은행은 단지 기업과 개인 고객들에게 서비스를  공하는 기관일 뿐만 아니라 정부를 대신해서 몰래 행동하는 용병인 것이다 이 같은 끈끈한 유착관계로 인해 암암리에 이뤄진 규 가 너무도 많았다 부인할 수 없을 만큼 가치 있는 암호화폐 이용 사례 중 하나가 재량에 의해서 적법하지 않은 법 집행을 할 위험이나 게이트키퍼 없이 개인 간 자금 거래가 가능하다는 특성인 이유다 거듭 말하지만 포르노는 법에 저촉되지 않는다 미국 성인 잡지 허슬러 의 발행인 래리 플린트가 승소하면서 유명해진 미 연방대법원 사건에 따르면 포르노는 헌법에 의해  호받는 표현의 한 행태 다 마찬가지로 현재는 대마초 사업이 미국   대부분의  에서 합법화되거나 처벌 대상에서  외됐다 총기 역시 미 전역에서 합법적으로 판매되고 있다 그럼에도 이 업계들은 변덕스러운 은행가들 때문에 결  솔루션에서 자  배  되고 있다 물론 은행과 감독당국에선 그건 정부 지시와 전혀 무관했다며 자사 평판과 브랜드를  호하기 위해 민간기업 차원에서 공익을 고려해  린 결정이었다  장하겠지만 말이다 정말 그럴까 월가를 생각해 라  택담 대출 모기지 버블이 심해져 년 결국 글로벌 금융 위기가 발발했던 때를 생각해 라 그리고 알고 있는 모든 금융 관련 스캔들을 떠올려 라 은행이 멕시코 마약 카르텔의 돈 탁을 도운 혐의로 연방 정부와의 합의를 거쳐 억달러 약 조원 에 달하는 벌금을 냈던 사건 을 떠올려 라 은행들은 할 수 있는 모든 방법으로 수익을 낼 것이다 사회적 양심 때문에 그런 결정을 지시할 순 없다 이는 모두 문 가 생길 경우를 대비한 면피용 대책이었던 것이다 은행들이 당국으로부터 압력을 받아 그런 일을 했다고  는 것은 무리가 아니다 이전에도 그랬던 사례가 한둘이 아니었다 지난 년 미국 법무부의 프로그램으로 사기와 자금  탁 위험이 높은 것으로 판단되는 무기 거래상과 단기 고리 대부업체 기타 업계의 다른 사업체들과 거래를 하고 있는 은행들을 상대로 법무부가 조사를 벌였던 오퍼레이션 초크 포인트 에 대해 알아 기 바란다 온리팬스 크리에이터들이 만든 콘텐츠처럼 오퍼레이션 초크 포인트의 표적이 된 기업들의 사업 활동 역시 합법적인 활동이었다 관료들은 단지 그런 산업에 종사하는 사람들이 불법 행위를 저지를 가능성이 높다고 짐작해 은행들에게 이들과의 관계를 끊도록 지시했다 해당 기업들은 결국 기소되지는 않았지만 그럴 법적 근거가 없었다 사업에서 매우 중 한 역할을 하는 결  수단을 잃었다 물론 포르노 업계에 착취와 학대를 양산하는 부분이 있다고 말하는 정당한 우려도 있다 뉴욕타임스 의 칼럼니스트인 니콜라스 크리스토프가 조사한 바에 따르면 꽤 많은 인기 포르노 사이트에서 미성년자가 나오는 음란물 콘텐츠를  대로 단속하고 있지 못하다고 한다 그렇다고 해서 성 노동자들이 폭력적인 고객들을 직접 상대해야 하는 위험 없이 안전하게 중개자를 거치지 않고 직접 수입을 올릴 수 있는 첫 사업 모델이라 말하는 이 방식을 무효화할 것이 아니라 학대를 자행하는 이들을 잡아낼 더 나은 방법을 강구해야 한다 나는 개인적으로 성인이 자신의 영상을 포르노  작 용도로 사용할 것에 동의했다면 그들의 표현의 자유는  호받아야 한다는 입장이다 기호용 마약 문 도 이를 합법화할 때 개인의 자유와 사회 전체의 이익에 가장 잘 부합한다고 굳게 믿는다 하지만 그와 달리 총기 규 는 지지하는 쪽이다   개인적인 생각은 고의적 또는 사고로 인한 총기 사고 사상자 수를 줄임으로써 얻게 되는 사회 전체의 이익이 개인의 자기 방어권이나 자율권 다 더 중 하다는 것이다 자유 의를 옹호하는 독자 중 일부는 이 마지막 견해에 동의하지 않을 수도 있다 하지만 우리의 신념을 법 화할 수 없다면 이런 문 에 대한 견해는 그게 어떤 입장이든 중 치 않게 된다 대다수가 성인물을 퇴출하고 총기 판매를 불법화해야 한다고 믿는다면 이 신념을 현실화하기 위해선 민 적인 절차에 따라 선출된 의회의 의원들을 설득해 자신들의 신념과 일치하는 쪽에 표를 던지게 해야 한다 만약 해당 법이 입법화되지 않는다면 행정부에서 이런 업계들을 비밀리에  재할 자격은 없게 되는 것이다 하지만 솔직히 말해 이는 독재로 가는 길이다 몽테스키외도   말에 동의할 거라고 본다 다행인 것은 우리가 계몽 의 논리를 따라 프랑스 군 정을 무너뜨리기 위해 바스티유 감옥을 습격하고 공화정을  울 필 는 없다는 거다 지금 우리에겐 그 다 폭력성은 훨씬 적으면서 국가의 행동을 뒤집어 놓을 수 있는 암호화폐 라는 수단이 있다 코로나 초기 다는 출국자 해외 지출 증가 해외 가상자산 거래소 카드 결 도 일부 영향 올해 분기 국  거 자의 카드 해외 사용 실적이 년 전 다 늘었다 한국은행은 일 년 분기중 거 자의 카드 해외 사용 실적 자료를 통해 올해 분기 거 자의 카드 신용 체크 직불 해외 사용 금액은 억 천만달러로 전년 대비 증가했다고 밝혔다 증가율이 년 분기 이후 최대치다 전분기와 비교해서는 늘었다 아직 해외 여행이 자유롭지 않지만 코로나 발생 초기 다는 사업 등을 이유로 출국하는 사람들이 증가하고 있다 출국자 수는 지난해 분기 약 만명이었으나 올해 분기는 약 만명을 기록했다 또   국이 이동  한 조치를 완화하면서 이들이 해외에 나가 카드 사용 소비도 늘리는 모습이다 한은은 거 자 카드 해외 사용 실적 증가는 해외 현지의 이동  한 조치 완화에 따른 여행 지출 증가 등에 기인했다 고 설명했다 가상자산 암호화폐 열풍도 일부 영향을 준 것으로 추정된다 국 외 가상자산 격차에서 이익을 얻기 위해 해외 거래소에서 카드 결 를 하는 경우 가 있는 것이다 카드사들이 정 를  대로 알 수 없는 해외 가상 자산 거래에 대해서는 추후 확인해  한하는데 사후 조치인 탓에 사용 실적에 반영될 수 있다 한은은 구체적으로 확인하기 어려운 상황이지만 가상자산 해외 거래소 카드 결 가 영향을 줬을 가능성도 살펴 고 있다 고 말했다     도자료는 전 계 거래소의 스테이블코인 규모 실시간 차트 기 전 계 암호화폐 거래소에 스테이블코인이 빠르게 쌓이고 있습니다 지난 월 일 하루에만 억달러 어치의 스테이블코인이 거래소로 이동했습니다 여기서 말하는 거래소는 바이낸스 업비트 등 중앙화 거래소를 의미함 이렇게 지난 일 일 동안 거래소에 쌓인 스테이블코인의 물량은 약 억달러를 넘어섰습니다 다음  용은 코인데스크 프리미엄 에서 읽을 수 있습니다     도자료는 최근 지인으로부터 연락을 받았다 스마트폰 게임을 하면서 돈도 벌 수 있는 일석이조의 알바를 해 볼 생각이 있냐는  용이었다 지인이 말한 스마트폰 게임 은 블록체인 기반 게임 엑시 인피니티 였다 년 나온 엑시 인피니티는 블록체인 기반의 대체불가능한토큰 을 활용한 게임이다 한 때 이더리움 네트워크를 마비시킬 정도로 인기를 끈 고양이 수집 게임 크립토키티 에 다양한  소를 더한 형태다 정 사이트 크립토슬램 에 따르면 엑시 인피니티 매출은 지난 일 약 억달러 약 조 억원 넘었다 최근에는 한국 이용자도 빠르게 늘어나고 있다 하지만 엑시 인피니티는 다른 게임에 비해 회원가입 절차가 복잡하다 로닌 계정 생성 메타마스크 지갑 생성 등 초 자가 쉽게 따라하기 어려운 과정을 거쳐야 하기 때문이다 엑시 인피니티를 시작하기 위한 절차는 다음과 같다 엑시 인피니티 웹사이트 에 접속한다 엑시 인피니티 회원 가입을 위해 자체 암호화폐 지갑 로닌을 설치 한다 로닌 지갑으로 암호화폐를  낼 또 하나의 외부 지갑 메타마스크를 설치 한다 로닌 계정과 메타마스크를 연동한다 여기까지 했다면 엑시 인피니티를 실행할 기본적인 준비는 마친 셈이다 이  로닌 지갑 혹은 메타마스크로 엑시 인피니티에 로그인하면 된다 모든 준비가 다 끝난 줄 알았지만 가장 큰 문 가 하나 남아있었다 바로 엑시 인피니티를 실행하려면 최소 개의 엑시 캐릭터가 필 했다 회원 가입하면 자동으로 캐릭터가  어지는 다른 게임과 달리 엑시 인피니티는 암호화폐를  고 캐릭터를 구입해야 했다 엑시 인피니티의 캐릭터 하나의 가격은 대략 만 만원 사이였다 즉 게임을 하기 위해서는 최소 약 만원에서 만원의 초기 자본이 필 한 셈이다 엑시 인피니티 캐릭터 구매를 위해서는 아래 과정이 필 하다 국  암호화폐 거래소에서 이더리움 을 구입한다 구입한 암호화폐를 현재 로닌 지갑으로 바로  낼 수 없는 만큼 메타마스크로 전송한다 메타마스크에서 로닌 지갑으로 구입한 이더리움을  낸다 엑시 인피니티 마켓 플레이스에서 이더리움으로 캐릭터를 구입한다 엑시 인피니티 게임을 즐긴다 이 방법이 가장 간단하지만 비싼 이더리움 전송 수수료 를 절약하기 위해 외국 거래소로 트론 이나 리플 를 전송해 우회적으로 이더리움을 구입하는 다소 복잡한 방법도 있다 엑시 인피니티라는 게임을 해 기 위해 약 만원이라는 돈과 쉽지 않은 과정을 경험하면서 의문이 들 수 밖에 없었다 이 게임을 왜 하는 걸까 게임으로 돈을 버는 사람들 엑시 인피니티를 하고 있는 한국 이용자 명에게 물어봤다 그 결과 재밌는 답변이 나왔다 돈을 벌기 위해서 하는 거예  대 씨는 게임을 하는 건 재밌는데 초기 자본금이 만 만원 정도 필 하다 단순히 게임이 재밌어서 시작한다고 말하는 건 어불성설인 것 같다 고 말했다 만약 돈을 벌지 못하는 게임이라도 했겠냐는 질문에 대 남성 씨는 게임을 하면 수익이 나기 때문에 재밌는 것 이라며 순수 게임만 봤을 때는 솔직히 리그 오브 레전드 롤 가 더 재밌다 고 답했다 그렇다면 모두가 입 모아 말하는 엑시 인피니티로 돈을 버는 방법은 무엇일까 엑시 인피니티로 돈을 버는 방법은 크게 가지다 첫 번째로 게임  에서 얻을 수 있는 스무드 러브 포션 이 있다 는 일일 퀘스트를 완료하면 하루 최대 개를 받을 수 있다 일 기준 암호화폐 통계 사이트 코인마켓캡에서 가격은 약 원이다 엑시 인피니티를 하면 하루에 적어도 약 만원 한달이면 약 만원을 버는 셈이다 두 번째는  상으로 받은 를  유하고 있다가 가격이 오를 때 판매해 시 차익을 얻는 방법이다 지난 월만 하더라도 는 개당 원에 달했다 최근에도 가격은 수시로 오르락 리락한다 일반 코인 거래하듯  상으로 얻은 를 적절한 타이밍에 매도하면 더 큰 수익을 얻기도 한다 마지막은 게임   교배 시스템인 브리딩을 이용해 새로운 캐릭터 엑시 를 만들어 판매하는 방법이다 크립토키티와 마찬가지로 엑시 인피니티는 캐릭터끼리 결합해 새로운 캐릭터를 만들 수 있다 새롭게 생성된 캐릭터는 엑시 인피니티에서  공하는 마켓플레이스 에서 이더리움으로 사고 팔 수 있다 캐릭터가 지닌 스킬 카드에 따라 가격은 천차만별이다 캐릭터를 결합해 좋은 스킬 카드를 지닌 캐릭터가 나오면 그만큼 비싼 가격에 팔 수 있다 엑시 인피니티 이용자가 실 로 버는 수익은 얼마일까 대 여성 씨는 하루에 약 시간 분 플레이해서 일만에 를 개 모았다 고 말했다 가격이 개당 원 일 기준 인 만큼 열흘 동안 약 만원을 번 셈이다 월 수익으로  면 만원 가량이다 큰 금액은 아니지만 그렇다고 무시할 정도는 아닌 수준이다 그래서인지 엑시 인피니티를 하는 이용자들은 대부분 용돈 벌이 정도로 여기고 있었다 엑시 인피니티만의 독특한 장학금  도 엑시 인피니티를 시작할 때 큰 걸림돌은 초기 캐릭터 구입이다 게임을 시작하기도 전에 캐릭터를 구입하기 위해 여만원을 써야 하기 때문이다 엑시 인피니티의 진입 장벽을 해소하기 위해 게이머들이 자발적으로 만든 방법이 있었다 일명 장학금  도 다 장학금  도는 마치 장학생을 선발해 학비를 지원해 듯 자금의 여유가 있는 게이머가 갓 시작한 초 자에게 캐릭터가 있는 엑시 인피니티 계정을 빌려 는 것을 말한다 초 자는 초기 자금이 없어도 게임을 할 수 있고 그 대가로 게임을 해서 번 를 대 나 대 등 쌍방의 계약을 통해 나눠 갖는다 대부분의 게임사는 회원간 계정의 대여나 양도를 인정하지 않는다 하지만 엑시 인피니티는 약관상 장학금  도를 예외적으로 허용하고 있다 실  장학금  도를 통해 엑시 인피니티를 즐기는 이들도 꽤 있었다 대 남성 게이머 씨는 계정을 빌려서 대여자와 수익을 로 나눠 가지고 있다 며 초기 비용 투자 없이 한 달에 약 만 만원을 벌고 있다고 말했다 다수의 엑시 인피니티 게이머는 장학금  도가 높은 레벨의 고수가 초 를 도와 는 것과 비슷한 개념으로 여기고 있었다 하지만 계정을 대여해 고 수익을 나눠 갖는 계약이 게임 시스템상이 아니라 게이머간 자체적으로 이뤄진다는 점에서 분쟁이 발생할 우려도 존재한다 장학금  도가 계정을 대여해 는 것이기는 하나  상으로 받는 를 처분할 권리는 원 계정  인만 갖는다 결국 계정  인이 를 장학생에게 나눠 지 못하면 게임만 하고  상을 얻지 못한다 반대로 장학생으로 인해 계정  인이 손해를 당하기도 한다 현재 개의 계정을 대여해 고 있는 대 이용자 씨는 돈을  지 않고 잠적하는 계정  인은 아직 들어본 적 없다 면서도 장학생이 한 기기로 여러 계정을 대여 받아 다중 계정 이용으로 계정이 정지돼 잠적하는 경우가 있다 고 말했다 엑시 인피니티 유저도 불안하다 장학금  도 등으로 인한 이용자간 갈등 외에도 막대한 돈이 오고가는 게임인 만큼 피싱 등 사이버공격 위험도 존재한다 국  엑시 인피니티 커뮤니티에는 가짜 로닌 지갑을 사칭하는 사이트를  의하라는 공지가 수시로 올라온다 엑시 인피니티 캐릭터를 구입하기 위해서는 반드시 로닌 지갑에 이더리움을 넣어야 하는데 진짜로 둔갑한 가짜 로닌 지갑에 이더리움을 넣는 순간 해커가 탈취해 가는 방식이다 실  이런 가짜 로닌 지갑 피싱에 당한 사례가 꽤 많다 또한 일 기준 코인마켓캡 기준 시가총액 약 조 억원으로 전  계 암호화폐 중 위에 달할 정도로 빠르게 성장했지만 엑시 인피니티는 아직 정식 서비스 오픈을 하지 않았다 이는 여만원에 달하는 돈을 투자해 엑시 인피니티를 즐길 수는 있지만 게임   외적으로 문 가 발생하면 해결 방법이 마땅치 않다는걸 의미한다 극단적으로는 게임사가 공식 출시 전까지 서비스를 중단한다고 해도 항의할 방법이 없다 엑시 인피니티 공동 설립자인  프리 저린은 이에 대해 엑시 인피니티는 현재 정식 출시 전에 미리 해 는 방식인 얼리 엑 스 알파 버전 이라고 설명했다 대 남성 이용자 씨는 게임이 정식 오픈 되지 않았다는 것은 알고 있다 며 이에 대한 불안감은 있지만 엑시 인피니티만큼 수익을  는 게 없기 때문에 계속 게임을 하고 있다 고 말했다 암호화폐 유튜버인 최현식 닉네임 소소 씨는 엑시 인피니티에 대해 게임 자체는 크게 재밌지는 않지만 필리핀에서 엑시 인피니티로 생계를 유지할 수 있을 정도의 블록체인 생태계를 구축했다는 점에서 혁신적인 사례 라며 향후 발전 가능성이 높다고 평가했다     도자료는
2021-09-01, 아서 브라이트만 테조스 재단 이사회 임원은 일 두나무가  최한 업비트 개발자 컨퍼런스 에 참여해 테조스는 최고의  안성을 기반으로 디파이와 영역까지 빠르게 확장하고 있다 고 강조했다 아서 브라이트만은 여타 블록체인과  안성 측면에서 결을 달리한다며 테조스에는 전 계 커뮤니티를 중심으로 밸리데이터 개발자 과학자 예술자 등이 함께 모여 기관급  안성 을  공하고 있다 고 말했다 테조스가 자랑하는  안의 중심에는 언 든지 필 할 때마다 가능한 업그레이드가 있다  안에 있어서 취약점이 발견되면 개선이나  완 작업이 필수적이다 하지만 블록체인은 한번 기록된 시스템을 개선하기는 쉽지 않다 블록체인에서 업그레이드를 원래 경로에서 갈라진다는 의미에서 포크 라고 말한다 포크가 발생하면 기존과 다른 새로운 체인이 생기기 때문이다 블록체인에서 업그레이드 작업이 어려운 이유다 비트코인과 이더리움은 포크로 인해 비트코인캐시 이더리움 클래식 등 수많은 블록체인이 탄생하기도 했다 하지만 테조스는 다르다 지분증명 알고리듬 방식인 테조스는 누구든지 개선  안을 할 수 있고 코인 홀더의 투표로 업그레이드가 손쉽게 이뤄진다 한번 정책 방향이 결정되면 바꾸기 어려운 다른 블록체인과 달리 테조스는 상황에 따른 발 빠른 대응이 가능하다 아서 브라이트만은 테조스는 참여 민  의 를 기반으로 블록체인 발전을 위해  안을 할 수 있고 투표를 통해 수용 혹은 거부가 이뤄진다 며 블록체인  상에서  안성을 중심으로 지속 발전 가능성을  여 는 것 이라고 말했다 테조스는 지금까지 아테네 바빌론 카르타고 델파이 에도 플로렌스 그라나다에 이르는 차례에 걸친 대규모 업그레이드가 이뤄졌다 이 밖에도 개월에 한번씩 소규모 업그레이도 빠르게 이뤄진다 발 빠른 업그레이드를 통해 테조스는 스마트계약의 활용성과  안성 그리고 거래 수수료 의 효율을 높일 수 있었다는 게 아서 브라인트만의 설명이다 특히 최근 진행된 그라나다 업그레이드를 통해 가스비가 기존 대비 배 이상 저렴해지면서 테조스 네트워크 사용량도 크게 늘었다 아서 브라이트만은 테조스는 네트워크 사용량 측면에서 이더리움 다음가는 수준까지 성장했다 며 디파이 등 다양한 영역에서도 빠르게 성장하고 있다 고 말했다 콘텐츠는 업비트의 지원으로  작했습니다     도자료는 마렉 올셰브스키 셀로 재단의 최고기술경영자 겸 공동설립자가 전 계 억명의 스마트폰 이용자가 모바일로 탈중앙화금융 디파이 을 이용할 수 있게 하겠다 고 밝혔다 셀로는 블록체인 결  플랫폼으로 다양한 중앙은행이 담 로 하는 스테이블코인을 지원한다 셀로의 디파이 총 예치금 규모 은 억 만달러 한화 약 억원 에 달한다 마렉 올셰브스키 셀로 공동설립자는 일 두나무가  최한 업비트 개발자 컨퍼런스 중 페이먼트 섹션에서 모두를 위한 모바일 최적화 디파이 애플리케이션 을   로 발표했다 디파이의 미래 모바일에 있어 마렉 공동설립자는 디파이가 확대되려면 모바일 시장을 겨냥해야 한다고 강조했다 그는 디파이가 다양한 프로토콜과 체인에서 구현되고 있지만 대부분의 디파이 상품이 노트북이나 데스크톱 용으로 설계된다 며 디파이 시장이 총 억명의 이용자를 확 하는 것을 목표로 삼고 있는데 이를 위해서는 모바일 디파이를 만들어야 한다 고 강조했다 그 이유로 모바일 기기 수가 많다는 점을 들었다 발표에 따르면 전 계 모바일 기기 수는 억대이며 그 중 스마트폰 수는 억대에 달한다 또한 년에는 이상의 통신 서비스를 사용하는 비중이 까지 올라올 것으로 전망된다 또 다른 이유로는 작은 화면 을 들었다 루크 워블로스키 구글  품 디렉터가 저술한 모바일 퍼스트 에 따르면 개발자들은 화면 크기에  약이 있는 모바일 서비스를 설계할 때  다 중 한 부분에 집중하게 된다 모바일 속도가 웹에 비해 느리다는 점도 또 다른  인으로 작용한다 이로써 웹 다 모바일에서 디파이 서비스를 가볍게 만들어야 한다는 의미다 또한 디파이 담 가 부족해서 매각을 해야할 경우 푸시 알림을   는 식으로 활용할 수도 있다 스마트폰에 저장된 연락처를 통해 디파이 서비스에 사회연결망서비스 기능을 접목할 수 있다  안도 중 한  소다 마렉은 데스크톱 다도 스마트폰이 비밀을  장하는데 더 효과적이라고 생각한다 개인적으로도 프라이빗 키를 데스크톱이 아닌 스마트폰에  관한다 고 설명했다 이어 디파이 서비스는 모바일에서 라이트 클라이언트 정도는 구동할수 있는데 그 예로 모바일 지갑 벨로라 가 있다 며 그럼에도 대부분의 디파이 댑들이 이를 활용하지 않고   자 기술로 웹과 모바일을 연결하는데 이럴 경우 감시 또는 검열 위험성이 있어 탈중앙화 개념 자체에 반할 수 있다 고 덧붙였다 모두를 위한 모바일 디파이 셀로 재단은 모바일의 이런 특성을 살려 억명의 스마트폰 이용자들이 쉽게 디파이를 이용할 수 있는 모파이 를 준비하고 있다 이날 셀로는 디파이 포 더 피플 프로젝트를 공개했다 이번 개발에는 아베 커브 스시스왑 벨로라  로엑스 등이 참여했으며 물라마켓은 창립 파트너로 함께 했다 마렉은 이번 서비스를 위한 라이트 클라이언트를 만드는데 년이나 걸렸다 누구나 쉽게 모바일 디파이를 만들 수 있는 게 아니 라며 자신감을 드러냈다 한편 마렉은 셀로 디파이 서비스가 모바일에 접목될 수 있는 이점으로 정성 매커니즘과 전화번호 검증 댑 등을 들었다 셀로 디파이 서비스는 이용자가 스테이블코인을 거래 비용으로 지불할 수 있게 하는 안정성 매커니즘을 갖추고 있다 거래 비용을  기 위해 다른 디지털 자산을 갖고 있을 필 가 없다는 의미다 또한 이용자는 셀로의 전화번호 검증 댑을 통해 상대방의 휴대전화 번호로 바로 디지털 자산을  낼 수 있다 콘텐츠는 업비트의 지원으로  작했습니다     도자료는 커니코리아의 진창호 상무가 중앙은행디지털화폐 로 여러 분야를 혁신할 수 있지만 가장 핵심이 되는 것은 금융 혁신 이라며 민간 생태계를 포용하는 다양한 금융 서비스 창출에 의 미래가 달렸다 고 말했다 진창호 상무는 일 두나무가  최한 업비트 개발자 컨퍼런스 에서 이같이 밝혔다 커니코리아는 글로벌 컨설팅 회사인 커니의 한국 오피스로 약 명의 컨설팅 전문 인력이 있다 진창호 상무는 커니코리아에서 블록체인과 디지털 자산 분야 컨설팅을 리드하고 있다 그는 지난해 월부터 올해 월까지 한국은행이 발 한 컨설팅을 총괄하는 프로젝트 매니저 를 맡았다 그는  계 각국에서 관련 연구를 하고 있다 며 개발도상국에 가까울수록 도입에 적극적인 경향을  인다 고 했다 그에 따르면 각국이 도입을 추진하는 전략은 크게   가지로 나뉜다 첫째로 생태계의  도권을 선점하는 전략이 있다 대표적으로 시범 사업을 적극적으로 추진하는 중국이 있다 둘째로 미국이나 유럽연합 처럼 기존 금융 생태계를  존하기 위한 전략적 차원에서 를 도입하는 경우가 있다 마지막으로 를 이용해 기존 금융과 새로운 금융 생태계의 다리 역할을 추구하는 전략이 있다 싱가포르와 홍콩이 대표적인 나라다 그는 한국도 기존 금융과 새로운 생태계를 잇는   번째 전략을 눈여겨 면 좋을 것 같다 고  장했다 진창호 상무는 가 발행되면 전자지갑이 핵심적인 역할을 할 것이라고  다봤다 개인뿐만 아니라 기관이나 유통소매점 심지어 기기까지도 고유한 전자지갑을 배정받고 생태계에 참여할 수 있다고 전망했다 그는 전자지갑을 통해 초소형 결 나 스마트 계약 기반의 자동 재투자 서비스 등을 꾀할 수 있다 고 평가했다 한편 에서  공한다는 금융 혁신이 기존 민간 암호화폐에서도 충분히 가능하지 않느냐 는 질문에 대해 그는 민간에서 발행하는 가상자산 암호화폐 과 는 성격이 다르다 며 는 정부가 발행하는 법정화폐를 디지털화한 것으로 민간 가상자산과 달리 규 책이 없다 고 답했다 민간 가상자산과는 발행 영역이나 의도가 처음부터 다르다는 게 그의 설명이다 그러면서 그는 민간 영역의 가상자산에서도 금융 혁신이 일어날 수 있지만 최근 정부의 재난지원금 사례를  면 정부도   위치에서 민간 영역에 적극적으로 참여하고 있다 며 향후 국가  도의 기반 플랫폼과 민간이 발행한 가상자산 플랫폼이 시너지 효과를 일으키는 모습을 기대하고 있다 고 밝혔다 콘텐츠는 업비트의 지원으로  작했습니다     도자료는     도자료는 블록체인 결  플랫폼 셀로가 전  계 억 명의 스마트폰 사용자들이 활용할 수 있는 디파이 탈중앙화금융 서비스 개발을 위해 디파이 포 더 피플 프로젝트를 시작한다고 일 밝혔다  로 웹에서만 쓸 수 있었던 디파이를 모바일에서도 이용할 수 있을 전망이다 디파이 포 더 피플의 프로젝트 개발에는 아베 커브 스시스왑  로엑스 등이 참여했다 물라마켓은 디파이 포더 피플의 창립 파트너로 함께했다 프로젝트 교육과 인프라 파트너에는 체인링크 래빗홀 더 그래프 랩드닷컴 등이 이름을 올렸다 디파이 포더 피플에 참여하는 프로젝트들은 약 억달러의 공동기금을 조성하여 디파이 인프라를 만들어나갈 계획이다 또한 디파이 포 더 피플은 올해 월 저변 확대를 위해 총 상금 만달러 규모의 해커톤을 개최할 전망이다 셀로는 셀로가 전 계 개 국에 걸쳐 백만개 이상의 지갑을  공하고 있는 만큼 디파이 포 더 피플로 더 많은 유저들에게 스마트폰으로 디파이 서비스를  공할 수 있을 전망 이라고 밝혔다 셀로의 공동 창업자인 르네 레인스버그는 디파이 포 더 피플은 사람들이 스마트폰에서 실 로 쉽게 사용할 수 있는 서비스를 개발하는 것을 목표로 하고 있다 며 앞으로 년동안 억명 이상의 새로운 유저를 디파이 생태계에 끌어들일 수 있도록  계 최대의 디파이 프로젝트인 디파이 포 더 피플을 발전시켜 나가겠다 고 밝혔다     도자료는  안 인증 기업 라온시큐어 자회사 라온화이트햇 대표 이정아 이 금융결 원과 협력해 블록체인 분산신원 기반 은행 공동 인증 서비스 뱅크아이디 뱅크 를 구축했다고 일 밝혔다 라온화이트햇과 금융결 원이 함께 구축한 뱅크아이디는 국  은행 곳이 함께 활용하는 블록체인 기반 인증 서비스다 금결원이 년 은행연합회로부터 이관받은 은행 공동 인증서 뱅크사인 을 인프라로 전환한 것이다 라온화이트햇은 이를 통해 서비스  공 범위를 기존 은행 공동 인증서에서 신원 증명으로까지 넓혔다고 설명했다 라온화이트햇과 금결원은 이번 협력을 통해 은행이 발급한 자격 증명서 를 은행 외 다양한 영역에서 자격 검증에 쓸 수 있도록 할 예정이다 뱅크아이디는 은행 공동 정  지갑 서비스 마이인포 앱에 탑재돼 지난달 일 경남은행 기업은행 농협은행 부산은행 산업은행 신한은행 우리은행 등 개 은행부터 서비스를 시작했다 라온화이트햇은 올해 안에 개 은행으로 활용 범위를 넓히겠다고 밝혔다 한편 뱅크아이디는 라온화이트햇의 블록체인 기반 플랫폼 옴니원 위에 구축됐다 옴니원은 생체인증 기술과 블록체인 기술을 결합한 신원 증명 플랫폼이다 이정아 라온화이트햇 대표는 모바일 운전면허증같은 정부 사업으로 기술력을 인정받은 옴니원을 은행권 공동 서비스 뱅크아이디에  공하게 돼 기쁘다 며 뱅크아이디를 통해 이용자들이  다 안전하고 편리한 디지털 금융 서비스를 누릴 수 있을 것 이라고 말했다     도자료는 국  암호화폐 거래소 코빗 대표 오 진 이 국 자금 탁방지전문가협회 와 업무 협약을 맺었다고 일 밝혔다 코빗은 지난달 일 가상자산사업자 신고를 앞두고 와의 협약을 진행했다 이번 협약은 코빗의 기업회원 서비스 도입 에 한국 대표로서 자료  공 송근섭 한국 대표의 코빗 임직원 대상 자금 탁방지 교육 등을     용으로 한다 코빗은 기업회원 서비스를 활용해 모든 임직원에게 자금 탁방지 와 경   재 관련 전문 교육을  공해 업무 역량을 강화할 방침이다 또한 글로벌 커뮤니티에서 수집한 정 를 토대로 국  동향에도 발빠르게 대처한다 는 글로벌 자금 탁 방지 도 표준 마련에 있어서의 역할 증대와 한국 시장에서의 입지 확대를 기대하고 있다 오 진 코빗 대표는 코빗은 경영진부터 임직원까지 자금 탁방지 업무 역량 강화에 관심을 많이 갖고 있다 며 이번 협약을 바탕으로 자금 탁방지 업무 분야에서 국  암호화폐 업계의 모범이 되도록 노력하겠다 고 말했다 한편 코빗은 리스크 관리 부서 인력의 약 가 공인국 자금 탁방지전문가 자격증을 취득했으며 김회석 코빗 재무담당이사 를 포함한 명은 공인국  재전문가 자격증도 함께  유하고 있다     도자료는 비트코인은 만 천달러 아래로 떨어졌다 최근 잇따른 규  소식에 영향을 받은 것으로 풀이된다 오늘 아침 시 기준 만 천달러에 거래됐으며 시간 사이 하락했다 중국 중앙은행인 인민은행은 암호화폐에 대한 우려를 거듭 표명하며 투자자 심리를 압박했다 올해 집중 단속의    원인으로   운 암호화폐 거래에 수반된 위험성을 재차 강조했다 미국 분석가들은 증권거래위원회 의 비트코인 상장지수펀드 승인 여부 및 시기를 기다리고 있다 코인데스크의 닉 드 기자는 해당 기관 관계자들이 이들 애플리케이션에 접근할 수 있는 방법에 대해 각종 신호를   고 있다는 데  목해야 한다 며 그러나 디파이 영역에서는 가 더 강력한 규 를 위해 선례를 만들고 있는 것 같다 고 지적했다 스테이블코인 테더 발행사 테더 와 암호화폐 거래소 비트파이넥스는 뉴욕  법무장관이 코인데스크에 문서 공개하는 것을 막아달라 고 뉴욕 대법원에 청원했다 해당 문서는 최근 몇 년 동안 테더의 지불준비금  역을 자 히 다루고 있다 암호화폐 오전 시 분 비트코인 만 달러 이더 달러 전통시장 지수 금 온스당 달러 년 만기 미국 국채 금리 현재 비트코인은 일 이동 평균 지원 수준인 만달러를 상회한다 그러나 일부 분석가는 추가적인 단기 하락이 있을 것으로  고 있다 페어리드 스트레티지의 케이티 스톡튼 전무이사는 조만간 초기 저항이 해소되면 단기적으로는 목표 저항이 역대 최고치인 만 천 만달러에서 형성될 것 으로  다봤다 암호화폐 시장의 흐름이 극단적인 레버리지 투자에서 벗어나는 모양새다 예를 들어 암호화폐 거래소 는 파생상품에 대한 최대 레버리지 비율을 배로 낮추었고 바이낸스도 비슷한 정책을 발표했다 비트멕스는 여전히 배의 레버리지를  공하지만 지난 월 현재 가 이러한 공격적인 레버리지 거래는 암호화폐 플랫폼에서 매운 드문 일 이라고 언급한 바 있다 이러한 조처는 자칫 활기 있는 시장이 끝났음을 알리는 것으로  일 수 있지만 이미 몇 개월 전부터 시작된 추 라고 코인데스크 마크 호슈타인 기자는 전했다 아래 차트는 거래소 전반의 개월 비트코인 선물 프리미엄이 지난 월 중순 에서 현재 까지 하락했음을  여준다 이는 레버리지 감소의 신호일 수 있다 이더리움 블록체인 거래 수수료가 최근 급등했다 시장이 다시 활발해진 것이    원인으로 파악된다 글래스노드는 현재 총 거래 수수료는 하루에 약 만이더로 작년 여름 디파이 열풍 당시와 비교해 상대적으로 높은 수준 이라며 에 대한 관심이 커지면서 대가를 치른 셈이다 디파이 토큰이 와의 경쟁에서 진 것처럼  인다 고 언급했다 실 로 대규모 디파이 토큰을 포함한 상당수 블록체인 거래가 역대 최저치를 기록했다 거래 데이터에 나타난 일부 약점에도 불구하고 디파이 토큰은 이번 달 높은 입찰가를 기록했다 글래스노드는 아발란체가 대표적 이라며 아발란체는 억 천만달러 규모의 유동성 채굴 인센티브로 인해 토큰 가격은 물론 총 예치금 도 포물선 형태를 그리며 급등했다 고 전했다 아발란체의 총 예치금은 거의 에서 억달러 이상으로 급등했다 토큰 가격은 지난달 가 치솟으며 역대 최고가인 달러에 근접했다 그러나 오늘 아침 시 기준 달러선으로 하락했다 월은 알트코인 시장은 카르다노의 토큰 폴카닷의 토큰 리플의 토큰이 강 를  인 달이었다 특히 비트코인 다 높은 수익률을  이며 알트코인 시즌이 도래했음을 나타냈다 기술적인 관점에서  면 토큰은 지난  극단적인 과매수에 도달한 후 후퇴하기 시작했다 달러의 돌파 범위에서 지지선이 낮아져 하락 를 안정시킬 것으로  인다 이더 희소성 비트코인 앞질러 이더리움 개선 안서 출시 이후 이더가 비트코인 다 더 희소해진 것으로 나타났다 블록체인 분석업체 인투더블록의 선임연구원 루카스 우투무로에 따르면 이번   초 이더의 일일 연간 순 발행량은 로 비트코인 순 발행량  다 낮았다 이런 추 가 계속되면 지금까지 비트코인에 집중됐던 가치 저장 수 가 이더로 몰릴 것으로 예상된다 시장 전쟁 거래 카드  조업체 톱스 가 메이저리그 와 손잡고 아발란체 블록체인을 이용 최신 컬렉션을  작한다 지난 월 톱스는 와 왁스 블록체인을 이용해 첫 번째 컬렉션을 발표했으나 범용적으로 사용하지 않았다 톱스는 아발란체 블록체인을 활용한 재출시의 배경을 두고 아발란체는 빠르고 저렴하며 친환경적이다 또 특별한 지갑이나 토큰 앱도 필 하지 않고 토큰의 탐색 및 구입 판매의 원스톱 서비스가 가능하다 고 언급했다  어드 앱 소더비 판매  어드 에이프 가 소더비 경매에 선 인다 년 전통의 영국 소더비 경매소는 오는 일부터 일까지 진행되는 경매에서 유가 랩스 가 만든 컬렉션을 판매한다 소더비는 판매가는 총 만 만달러 컬렉션의 판매가는 총 만 만달러에 이를 것으로 추정했다  어드 에이프는 총거래량 기준 크립토펑크 에 이어 위를 차지하고 있다 오픈마켓에서 가장 저렴한  어드 에이프는 이더로 약 만 천달러선이다
2021-09-02, 넴의 크리스티 리 민핸 최고기술경영자 가 넴은 심볼 체인 아래에서 돌아간다 며 넴과 심볼을 병렬 구조로 운용해서 확장성을 도모하고 향후 디파이 탈중앙화금융 를 적극적으로 수용할 것 이라고 말했다 크리스티 리 민핸 는 일 두나무가  최한 업비트 개발자 컨퍼런스 에서 이같이 밝혔다 지난 년 개발된 블록체인 플랫폼인 넴 은 초창기 암호화폐 시장의 대표적인 프로젝트 중 하나로 평가받는다 그러나 성장 속도가 더뎌지자 지난 월 심볼 이라는 새로운 퍼블릭 메인넷을 출시했다 심볼은 기존 넴의 블록체인인 과 병렬로 운용된다 다만 심볼을 출시한 이후로 기존 블록체인인 넴의 역할이 모호해지면서 일부 사용자들이 혼란을 겪었다 이날 질의응답 시간에도 향후 의 역할을 물어 는 질문이 있었다 이에 대해 크리스티 리 민핸 는 넴과 시볼의 커뮤니티를 개로 명확히 나누는 것 다는 넴이 심볼 아래로 들어가는 서브체인 방식으로 서비스가 운용될 것 이라며 그렇게 하면 넴이 심볼 체인의 확장성을 활용할 수 있을 것 이라고 말했다 그러면서 그는 향후 심볼의 플러그인을 활용해 넴의 트랜잭션 기능을 강화할 수 있다 며 이를테면 트랜잭션에 애그리게이션 분산된 여러 서비스를 한 곳에 최적화하여  여 는 것 기능을 도입해서 트랜잭션 타입을 구체적으로 설정하고 이를 온체인 오프체인에 적용할 수 있다 고 설명했다 한편 크리스티 리 민핸 는 이날 디파이를 적극적으로 수용하겠다고 했다 그는 넴은 대표적인  대 체인 중 하나라고 할 수 있다 며 지난 날 넴이 대표적인 블록체인 프로젝트 중 하나로  목을 받았지만 년에도 지속가능하려면 디파이와 같은 새로운 서비스를 받아들이고 재탄생할 필 가 있다 고 말했다 그는 계획하고 있는 새로운 디파이 서비스 중 하나로 암호화폐 자산 애그리게이션을 이야기했다 예컨대 넴과 심볼의 사용자가 특정 대체불가능토큰 이 개월 후 급등할 것이라고 생각하면 이에 대한 디파이 선물 계약을  공할 수 있다는 것이다 이때 이미지 비디오 키워드 등의 애그리게이션을 함께하면 사용자들은 다양한 암호화폐 자산에 대한 향후 전망을 선물 계약으로 베팅할 수 있다 그는 심볼의 경우에는 초기 단계에서 네트워크 사용도에 따라 기본 수수료를 다르게 적용하는 시스템을 도입하는 등 메커니즘 설계를 체계적으로 하는 게 중 하다고 생각한다 고 덧붙였다 콘텐츠는 업비트의 지원으로  작했습니다     도자료는 암호화폐 자금 탁방지 컴플라이언스 솔루션 시그나 개발사 쿨빗엑스 와 체이널리시스는 가상자산사업자 규  준수에 필 한 솔루션  공을 위한 파트너십을 체결했다고 일 밝혔다 이번 파트너십으로 체이널리시스의 고객거래확인 시스템에 쿨빗엑스의 브라우저 기반 솔루션 시그나 게이트가 통합돼 트래블룰을 포함한 통합 솔루션이  공될 계획이다 트래블룰은 자금 탁방지를 위해 기존 금융권에서 당연히 받아들이는 규  조치로 국 자금 탁방지기구 가 지난 년 월 암호화폐 규 에 관한 권고안 을 발표하면서 본격화 됐다 한국은 지난 월 일 개정 특정금융정 법 특금법 시행으로  년 월 일부터 국  모든 가상자산사업자는 트래블룰을 도입해야 한다 마이클 오우 쿨빗엑스 최고경영책임자 는 이번 파트너십을 통해 가상자산사업자 고객이 규 준수라는 목적을 달성하는 데 도움이 되겠다 고 말했다 한편 쿨빗엑스의 시그나는 아시아를 중심으로 각국 금융당국에 인가된 암호화폐 거래소 여개 이상이 컴플라이언스 솔루션으로 활용하고 있다     도자료는     도자료는 리먼 베어드 헤더라 해시그래프 공동설립자 겸 수석과학자가 포츈 대 기업들이 헤더라 분산원장 기술로 낸 성과들을 공개했다 헤더라 해시그래프는 자체 개발한 해시그래프 합의 알고리즘 을 기반으로 작동하는 분산원장 솔루션을 개발하고 있는 기업이다 리먼 베어드 헤더라 해시그래프 공동설립자는 일 두나무가  최한 업비트 개발자 컨퍼런스 중 엔터프라이즈 솔루션 섹션에서 기업형 분산원장 기술비즈니스를 위한 공공거래장부의 적용 을   로 발표했다 헤더라 이용 기업의 성과 작업증명 방식처럼 누군가 해시파워를 독점하거나 지분증명 방식처럼 코인을 많이 가진 고래가 모든 걸 조종하는 듯한 그림은 탈중앙화 정신에 위배된다 는 헤더라 해시그래프의 철학에 따라 헤더라 해시그래프 거버넌스는 투명하게 운영된다 예를 들어 공급량  한 또는 소각에 대한 권한을 누구에게 줄지 그리고 그 권한인 키 를 몇 개로 할지도 거버넌스 참여자들이 결정할 수 있다 헤더라 해시그래프는 기업과 대학교 등 총 개의 위원으로 구성된 헤더라 거버넌스 카운슬 도 운영하고 있다 구글과 전자 신한은행 등 글로벌 대기업과 런던 정치경 대학교 등 명문 대학교가 참여한다 이런 위원들뿐 아니라 유수의 기업 고객들이 헤더라 해시그래프의 헤다라 합의 서비스 헤더라 토큰 서비스 등을 이용하고 있다 이 중 는 노드들이 데이터 처리 순서와 처리가 완료된 시점을 합의하는 타임스탬프 기능을  공한다 또한 최대 개 레이어까지 가능한 멀티 레이어 구조를 도입해 스마트 계약 없이도 빠른 속도로 합의가 이뤄질 수 있게 한다 거버넌스 카운슬의 위원 중 하나인 에이버리 데니슨은 헤더라 해시그래프의 기술을 토대로 상품의 라벨과 바코드 등을 추적하는 플랫폼 애트마 를 개발했다 이를 통해 유기농 연어 스테이크가 실  유기농임을 입증할 수 있다 글로벌 대형 로펌 파이퍼는 를 활용해 부동산과 예술작품 토큰화 사업을 진행하고 있다 글로벌 금융 기업 스탠다드차타드 은행은 헤더라 해시그래프 기반 신원 확인 방식을 도입해 아프리카에서 기존에 없던 금융 서비스를 선 일 예정이다 리먼 베어드는 포츈 지 선정 대 기업 중 한 곳은 와 둘 다를 이용한 엔진을 개발해 워크플로우를 최적화하려고 한다 며 올해가 헤더라 해시그래프가  상을 바꾸는 원년이 될 것 이라고 자신했다 헤더라 해시그래프의 차별점 헤더라 해시그래프는 다른 블록체인과 달리 친환경적이고 암호화폐의 가격이 안정적이다 헤더라 해시그래프의 기술은 비트코인과 이더리움 등 다른 블록체인처럼 작업증명 지분증명 등의 합의 알고리즘을 따르지 않는다 트랜잭션을 점으로 표현하고 이를 링크로 무한정 연결하는 방향성비순환그래프 자료 구조를 토대로 한다 이를 통해 비트코인처럼 암호화폐를 채굴하는데 많은 에너지를 소모하지 않는다 리먼 베어드는 비트코인이 거래 한 건 처리하는데 킬로와트아워 를  구하는데 헤더라는 건당 에 불과해 비트코인뿐 아니라 비자  다도 그 소모량이 적다 며 애초에 에너지도 적게 쓰지만 탄소 발생량을 나무를 심는 등의 방식으로 상괘하는 탄소 네거티브 정책 을 펼치고 있다 고 강조했다 헤더라 해시그래프는 자체 코인 의 가치를 안정화시키는데도  목하고 있다 그는 시장에서 의 가격이 변동하면 그에 따라 헤더라 서비스 이용자가 지불해야 하는 양을 조절해 소정의 달러 가치를 유지할 수 있도록 한다 며 또한 그 가치를 언 나 법정화폐로 표시하기에  유자가 예상할 수 있는 범위 안에서 가격이 움직인다 고 밝혔다 대체불가능토큰 을 발행하고 판매하는 과정에서 필 한 수수료도 매우 적다 이번 발표에 따르면 만달러 약 억원 어치 를 판매할 경우 수수료는 센트 약 원 상당에 불과하다 월 일 기준 이더리움 전송 수수료 달러 약 만 원 만 원 에 비하면 만분의 수준이다 콘텐츠는 업비트의 지원으로  작했습니다     도자료는
2021-09-03,     도자료는 블록체인 전문기업 코인플러그 대표 어준선 가 음악 콘텐츠 전문 지식재산권 개발사 리틀송뮤직 대표 박종오 과 메타파이 기반 대체불가능토큰 사업 추진을 위한 업무협약을 체결했다고 일 밝혔다 메타파이는 코인플러그가 자체 개발한 발행 판매 플랫폼이다 코인플러그는 메타파이 플랫폼에 음원 카테고리를 새롭게 추가하고 리틀송뮤직이 발행을 위해 단독  작한 음원 소유권에 대한 판매와 유통을 지원한다 양사는 오는 일 메타파이에서 첫 음원 로 총 곡이 수록된 디지털 앨범 너에게 해 고 싶은 말을 담아봤어 를 판매한다 최종 낙찰자는 순수창작 배경음악 라이브러리 플랫폼인 팩토리의 년 무료이용권을 받게 된다 코인플러그에 따르면 낙찰자의 소유권에는 대한민국 회화대전 특선 출신 박영  작가의 작품이 들어간 디지털 이미지의 자켓과 디지털 음원 파일에 대한 소유권 전권이 들어간다 또한 메타파이에서 판매되는 리틀송뮤직의 음원파일은 업무상저작물의 형태로 직접  작되기에 저작권 문 가 없다 한편 메타파이는 지난 월 일 베타 버전 출시 이후 디지털 아트와 스포츠 등 다양한 부문의 를  공하고 있다 씨네 창간호 디지털 복원판 한국경 신문과 진행한 고 이건희 전 회장의 발자취를 담은 매일경 의 독자참여형 등의 경매를 진행한 바 있다     도자료는 최근 디파이와 사용량이 크게 늘면서 이더리움 네트워크 수수료 가 비싸졌다 이더리움 수수료를 낮추기 위한 런던하드포크가 도입됐지만 이 문 는 아직 해결이 안 되고 있다 일 두나무가  최한 업비트 개발자 컨퍼런스 에 참가한 정순형 온더 대표는 레이어 솔루션을 활용하면 이런 문 를 해결할 수 있다 며 블록체인의 실질적인 활용성을 높일 수 있다고 강조했다 레이어 는 무엇을 말하는 걸까 레이어 는 말 그대로 층 단계 등을 의미한다 블록체인에서 레이어 이라고 하면 기존 블록체인 네트워크를 말한다 쉽게 말해 이더리움의 메인 체인을 레이어 이라고 부른다 레이어 는 레이어 위에서 동작하는 블록체인으로 수수료가 비싸지고 전송 속도가 늦어지는 블록체인 시스템 확장성 문 를 해결하고자 등장했다 자  실행하는 트랜잭션 거래 을 더욱 빠르고 저렴한 레이어 에서 처리해 그 결괏값만 본 체인인 레이어 에 기록하면 성능 향상과 수수료도 아낄 수 있다는 아이디어다 유사한 방식으로 라이트닝 네트워크 오프체인 사이드체인 샤딩 플라즈마 라이덴 네트워크 등이 있다 정순형 대표는 레이어 는 메인 블록체인의 트랜잭션을 외부에서 처리해 부담을 줄여 는 기술 이라며 사이트체인이나 오프체인과는 달리 레이어 는 메인 블록체인과 유기적으로 항상 연결돼 동작하는 방식이라는 차이점이 있다 고 설명했다 여기서 레이어 는 지향점에 따라 형태가 나눠진다 블록체인 개발사 옵티미즘 의 옵티미스틱 롤업 폴리곤 롤업 등은 레이어 에서 모든 걸 해결하고자 한다 반면 온더의 토카막 네트워크는 특정 목적에 최적화된 경량화한 많은 레이어 를 지원한다 정순형 대표는 하나의 거대한 레이어 가 나와서 모든 체인의 거래  역을 처리하고 담을 수도 있지만 우리는 특정 목적을 타깃한 수많은 레이어 가 나오고 이를 토카막으로 연결하고자 한다 며 각각의 경량화된 레이어 는 디파이 등 목적에 맞게 빠르고 가볍게 활용할 수 있다는 장점을 지닌다 고 말했다 현재 가장 많이 활용되고 있는 레이어 솔루션은 앞서 설명한 옵티미즘의 옵티미스틱 롤업으로 유니스왑 등 빠른 입출금이 필 한 탈중앙화거래소 에서 이미 실  사용 중이다 옵티미스틱 롤업은 빠르고 수수료가 저렴하다는 장점이 있지만 레이어 에서 이뤄진 거래  역이 최종적으로 레이어 에서 확정되기까지  일이라는 시간이 걸린다는 문 가 있다 모든 트랜잭션은 문 가 있을지 없을지 모르기 때문에 최소  일간 문 가 발생할지 지켜봐야 한다는 알고리듬에 비롯된 것이다 온더는 이 문 를 오라클 이라는 중개자를 설정함으로써 해결하고자 한다 정순형 대표는 오라클은 레이어 에서 레이어 으로 자산이 이동될 때  일이라는 검증 기간 동안 이를 담 로 사용자에게 자산을 바로 전달해  게 된다 며 오라클은 확정 기간 다 먼저 사용자에게 자산을  공하는 대신 인센티브를 받는 구조 라고 설명했다 결국 오라클은 전통 금융 시장에서 오리지널 자산을 담 로 동일한 가치의 채권을 발행해 사용자에게 지급하는 역할을 하는 셈이다 이 과정에서 오라클은 미확정된 자산을 미리 전달하는 대가로 인센티브를 받는다 온더가 구상한 레이어 의 오라클 구조는 디파이뿐 아니라 거래에서도 적용이 가능하다 정순형 대표는 오라클은 레이어 위에서 디파이와 등 다양한 블록체인 서비스가 빠르게 동작할 수 있게 할뿐더러 사용자가 원할 시 언 든지 자산을 출금하고 이동할 수 있도록 도와준다 며 레이어 를 기반으로 한 다양한 서비스가 등장할 수 있는 강력한 도구가 될 것 이라고 덧붙였다 콘텐츠는 업비트의 지원으로  작했습니다     도자료는 비트코인 수많은 저항에도 상승 의지 확인하다 비트코인은 지난 수 일 당시 분석글에서 언급했던 저점 테스트를 만 달러까지 위협했지만 잘 견뎌  고 월 일과 유사한 반등 후 상승 를 이어가고 있습니다 두 개의 노란 원 참조 특히 월 일 새벽 시경에 단기 하락 추 인 빨간 평행 채널 상단선을 돌파하고 이탈했던 파란 상승 채널 안으로 올라서며 가격 지지에 성공합니다 녹색 하이라이트 참조 일 오후 시경에는 전고점 부근인 만 달러까지 도달 후 눌림이 있었으나 밤 시경에 만 달러에서 밀려  려 와 현재 월 일 오전 시 분 기준 만 달러 지지를 위협하고 있습니다 적색 하이라이트 참조 현재 상황에서 단기적인 관심은 전고점 갱신과 하락 전환 가능성입니다 다음  용은 코인데스크 프리미엄 에서 읽을 수 있습니다     도자료는
2021-09-06, 암호화폐 전문 매체 이코이노메트릭스 고래 투자자와 개인 투자자들이 모두 비트코인  유량을 늘리고 있습니다 이는 좋은 신호입니다 암호화폐 컨설팅 업체 에이트 최근 출시된 아비트럼을 비롯한 레이어 솔루션은 이더리움 생태계에서 점점 중 한  소가 될 것입니다 레이어 의 사용량은 증가하고 있지만 아직 초창기에 불과합니다 가까운 미래에 더 많은 관심을 받을 것으로 예상됩니다 레이어 란 블록체인의 처리 속도와 연산량을 높이기 위해 해당 블록체인 바깥에 데이터를 처리하는 별도의 블록체인을 추가하는 방식을 말해  다음  용은 코인데스크 프리미엄 에서 읽을 수 있습니다     도자료는 글로벌 암호화폐 거래소 바이낸스가 싱가포르 달러와 관련된 모든 결  지원을 종료한다 바이낸스는 일 웹사이트 를 통해 일 싱가포르 시간 부터 싱가포르 달러 거래쌍 결  옵션 싱가포르   안드로이드 마켓에서의 바이낸스 애플리케이션 앱 등을  거하겠다고 발표했다 바이낸스 서비스 중 거래쌍도 같은 날  거될 예정이다 또한 바이낸스는 싱가포르에서 더 이상 텔레그램 등 온라인 공식 채널도 운영하지 않는다 코인텔레그래프 에 따르면 싱가포르 통화감독청 이 바이낸스에 지불 서비스 법 위반 소지가 있다고 경고한 데 따라 바이낸스가 싱가포르 법정통화를 이용한 서비스를 접었다 앞서 월 일 는 투자자 경고 명단에 바이낸스를 올렸다 는 해당 명단을 통해 규 를 받지 않았음에도 로부터 면허를 받은 것처럼 잘못 알려진 업체 를  의할 것을 경고하고 있다 올해 들어 바이낸스는 여러 정부의 규 로 영업에  한을 받기 시작했다 앞서 영국 금융감독청 은 바이낸스에 영업 금지 조치를  렸으며 일본 금융청 도 바이낸스가 당국의 허가 없이 일본에서 영업하고 있다 고 경고했다 한국에서도 금융위원회와 국회가 가상자산사업자 신고를 하지 않으면 국  영업을 중단해야 한다 는 입장을 표명하자 바이낸스는 지난달 일 한국어 지원을 종료했다 다만 한국인의 거래 자체를 금지한 건 아니다     도자료는 비트코인 펀딩 비율 실시간 차트  기 개월 전인 지난 월 비트코인 선물 가격이 반 토막이 날 정도의 폭락장을 경험했습니다 여러 지표상 비트코인 선물 시장은 이 야 회복 국면에 접어들었습니다 미체결약정 은 이번   회복 를  입니다 현재 미체결약정은 약 억달러가 넘어가고 있습니다 또 펀딩 비율도 긍정적인 흐름입니다 다음  용은 코인데스크 프리미엄 에서 읽을 수 있습니다     도자료는   소식 바이낸스 싱가포르 달러 거래쌍 지원 중단 바이낸스가 싱가포르 달러와 연동된 거래쌍 지원을 중단 한다고 지난 일 밝혔다 바이낸스는 이날 발표 를 통해 월 일부터 싱가포르 달러의 모든 거래쌍과 싱가포르 달러 결  옵션 지원을 중단한다고 밝혔다 지난 일 싱가포르 통화청 이 바이낸스가 현재 지불 서비스법 을 위반하고 있을 가능성이 있다고 발표하면서 바이낸스에 영어중지를 통 했다 비트코인  말 사이 만달러 돌파 비트코인 가격이  말 사이 다시 만달러를 돌파 했다 현재 만 천달러대에 거래되고 있으며 시간 사이 이상 올랐다 이더는 현재 천 달러대에 거래되고 있으며 지난 일 일 사이 이상 올랐다 미국 유니스왑 조사 중 미국 증권거래위원회 가 디파이 프로토콜 개발사 유니스왑 을 개발한 유니스왑 랩스 를 조사하는 중 이라고 지난 일 밝혔다
2021-09-07,     도자료는  김지호  무사는 법무법인  움에서 가상자산  금 자문을 하고 있다 오늘은 년 월로 시간여행을 떠납니다 그곳에서 미국 거래소에서 가상자산을 매매해 수익을 낸 한국인 오씨를 만났습니다 오씨는 원래 다니던 국  기업의 미국 자회사 한국 모회사 지분율 에 년 월부터 반년간 파견 근무를 오게 됐습니다 현재 오씨는 홀로 미국에서 지 고 있고 가족들은 한국에 거 하고 있습니다 오씨는 미국에 파견 온 직후인 년 월에 현지 거래소에서 비트코인을 샀습니다 이를 년 월 매매해 수익을 남겼습니다 그런데 얼마 전 한국에서 년 월 일 이후 비트코인 매매로 발생한 소득에 대해 소득 를 신고 납부해야 한다는 사실을 알게 됐습니다 이에 본인도 가상자산 소득  납부 의무가 있는지 여부를 확인하고 싶어 저에게 상담을  청했습니다 상담자 정  다음  용은 코인데스크 프리미엄 에서 읽을 수 있습니다     도자료는 국  블록체인 핀테크 전문기업 두나무 대표 이석우 는 암호화폐 거래소 업비트가 개인정  호 관리체계 인증 을 받았다고 일 밝혔다 는 인터넷진흥원 등이 기업의 개인정   호를 위한 조치와 활동이 인증기준에 적합함을 증명하는  도다 인증 취득을 위한 개 항목과 개인정  처리 단계별  구사항 개 항목까지 총 개 항목을 모두 갖춰야 취득할 수 있다 최초 심사를 통해 인증을 취득하면 유효기간 년이 부여되며 인증 유효기간 중 매년 회 이상 사후 심사가 시행된다 업비트는 이미 년 월 과학기술정 통신부가 의무 대상으로 지정한 개 거래소 중 가장 먼저 인증을 받았다 같은 해 월 정  안 클라우드  안 클라우드 개인정   안 에 대한 개 부문 인증을 획득했다 이로써 와 함께 인증까지 확 했다 업비트는 가상자산사업자 신고 의무 범위인 뿐 아니라 개인정  처리 단계별  안을 강화하고자 자발적으로 인증을 확 했다 두나무 관계자는 업비트는 서비스 출범 초기부터 업계 최고 수준의  안 전문가들과 높은 수준의 정  호 개인정   호 체계 마련에 노력해왔다 며 앞으로도 계속  안 시스템을 강화하며 믿고 이용할 수 있는 안전한 디지털 자산 거래 환경을 구축하는데 앞장서겠다 고 밝혔다 한편 업비트는 년 출범한 이후 현재 만명이 이용하는 대표 거래소로 자리매김했다 국  최초의 디지털 자산 지표인 를 개발하고 디지털 자산 실시간 변동성 지수인 디지털 자산 공포 탐욕 지수 를 출시했다     도자료는
2021-09-08, 암호화폐 데이터 분석 업체 글래스노드가 일 스위스 시간  간 온체인  고서 를 발표했습니다 이번  간 온체인  고서에서 글래스노드는 현물 기반 온체인 지표의 강 가 지속되고 있지만 파생상품 시장의 미결 약정과 펀딩비가 늘어남에 따라 시장 변동성에 유의해야 할 것 이라고 말했습니다 특히 글래스노드는 비트코인 채굴 관련 지표에서 새로운 움직임이 관찰되고 있다고 언급했습니다 아래는 글래스노드  간 온체인  고서의 전문을 번역 편집한  용입니다 비트코인 해시레이트 월 저점 대비 상승 채굴자 출금 움직임도 지난 월 중국 채굴 규  이후 비트코인 해시레이트는 반토막났지만 월 저점을 찍고 회복 를 이어나가는 중입니다 일 기준으로 비트코인 해시레이트 중위값은 월 저점 엑사해시 대비 오른 입니다 비트코인 해시레이트란 비트코인을 채굴하기 위해 네트워크에 동원된 연산력의 총합을 의미합니다 비트코인 반감기 등 이슈에 따라 시간이 갈수록 비트코인 채굴 경쟁은 치열해지고 있습니다 비트코인 반감기는 약 년에 한 번꼴로 블록 채굴  상이 절반으로 줄어드는 현상을 말합니다 해시당 비트코인  상은 장기적으로 감소 를  이고 있습니다 다음  용은 코인데스크 프리미엄 에서 읽을 수 있습니다     도자료는 피어테크 거래소 지닥 운영사 대표이사 한승환 가 최우석 준법감시인을 선임했다고 일 밝혔다 최우석 준법감시인은 금융회사지배구조법   조 의 금융회사 준법감시인의 자격 건을 갖춘 전문가다 해당 법 조에 따르면 준법감시인이 되려면 금융위원회의 설치 등에 관한 법률   조에 따른 검사 대상 기관 이에 상당하는 외국금융회사를 포함한다 에서 년 이상 근무해야 한다 피어테크에 따르면 최우석 감시인은 지난 년간 노무라 씨티은행 리먼 브라더스 등에서 준법감시인  고책임자 등의 맡았다 최근까지 구글 페이먼트 코리아의 준법감시인이자  고책임자를 역임했다 또한 구글플레이 와 유투브 지급결 부문의 컴플라이언스를 책임졌다 직전에는 노무라금융투자에서 자본시장법과 자금 탁방지 관련 컴플라이언스를 담당했다 국  공인자격인  계리스크전문가협회 의 재무위험관리사 공인대체투자분석사 와 국  금융투자업 관련 자격인 증권 선물 펀드투자상담사 금융투자분석사 투자자산운용사 재무위험관리사 외환관리사 등의 자격을  유했다     도자료는 부산을 한국의 크립토밸리로 만드는데 온더가 거들겠습니다 온더에 최근 합류한 심준식 대표 최공필 박사는 지난달 일 신논현역 인근 사무실에서 코인데스크 코리아와 진행한 인터뷰를 통해 부산이 암호화폐를 비롯한 금융 자본의 중심 도시가 될 수 있도록 온더가 앞장설 것 이라고 말했다 부산은 지난 년 월 국  최초 유일의 블록체인 규 자유특구로 지정됐다 이를 통해 블록체인 기반의 금융 관광 물류 공공안전 등 다양한 분야의 실증 사례가 이뤄지고 있다 하지만 안타깝게도 부산 규 자유특구에서 눈에 띄는 사례는 없었다 부산시는 건전한 토큰 이코노미를 만드는 걸 목표로 한다 고 말하지만 실  암호화폐를 이용한 서비스는 거의 없었다 이런 상황에서 온더는 부산의 암호화폐 산업 활성화에 앞장 서겠다며 나섰다 그 중심에는 심준식 대표와 최공필 박사가 있다 개발자 출신인 정순형 대표와는 달리 심준식 대표 는 삼일 회계법인에서 디지털 컨설팅 업무를 해 온 디지털 전략 전문가다 여기에 온더는 디지털금융 연구소를 설립해 금융감독원 블록체인 자문단장이었던 최공필 박사를 원장으로 삼아 스테이블코인을 전통금융과 결합하는 연구에 착수했다 이들이 하고자 하는 블록체인 기반 디지털 서비스와 전통금융의 융합을 실험하기에는 부산 특구만 한 곳이 없는 셈이다 인터뷰 전날에도 심 대표와 최 원장은 부산에 다녀왔다며 새로운 암호화폐 생태계를 부산에서 곧  여줄 수 있다고 말했다 여기서 말하는 새로운 암호화폐 생태계가 바로 부산 디지털자산거래소 다 부산 디지털자산거래소는 민 관이 손을 잡고 만드는 최초의 암호화폐 거래소다 부산시가 부산시민이 나머지 는 기업 컨소시엄이 지분을 나눠 가질 수 있도록 준비 중이다 심준식 대표 부산 디지털자산거래소는 기존 거래소 다 수수료를 낮추고 다양한 디지털자산을 거래할 수 있는 형태가 될 것이다 디지털자산거래소를 중심으로 다양한 암호화폐 금융 서비스를 선 일 계획이다 최공필 원장 온더에 따르면 부산 디지털자산거래소는 년 상반기 출범을 목표로 현재 설계 작업에 들어갔다 디지털자산거래소 설립을 위한 협회도 월초 설립 예정이다 지난 일 공식적으로 부산 블록체인산업협회가 창립 총회를 개최 했다 심준식 대표가 사무총장에 선임됐다 올 월에 협회를 설립하고 참여 기업과 논의를 통해  년 상반기까지 거래소 시스템 구축을 진행할 계획이다 이후 년간 다양한 테스트를 거쳐  후년 상반기 출범이 목표다 심준식 대표 아직 확정된 것은 아니나 디지털자산거래소에서는 비트코인 이더리움 등 유틸리티 코인뿐 아니라 증권형토큰 선물 상품 파생 상품도 거래할 수 있도록 논의하고 있다 디지털자산거래소를 통해서 암호화폐와 전통금융이 만날 수 있다면 부산이 국  금융 시장에서  목받는 계기가 될 것이다 최공필 원장 온더는 부산에서 디지털자산거래소 말고도 다양한 블록체인 생태계 확산을 준비 중이다 대표적으로 와 메타버스가 있다 부산시에서 올 월경 페스티벌을 준비 중이다 온더도 여기에 참여한다 거래 플랫폼을 비롯해 블록체인 기반 메타버스 서비스를 선 일 예정이다 부산에는 다양한 콘텐츠가 많다 예를 들어 부산 국  영화 의 콘텐츠를 로 유통하면 색다른 재미를 관객에게 줄 수 있을 것이다 심준식 대표 온더는 부산 블록체인 규 자유특구에서 본격적인 활동을 하기 위해서 이르면 올해 안에 부산으로 법인을 옮길 계획이다 온더는 톤스타터 이라는 블록체인 스타트업 엑셀러레이팅 프로그램을 통해 부산을 중심으로 다양한 스타트업에도 나선다 톤스타터는 온더의 톤 토큰으로 스타트업에 투자하고  상을 받는 프로그램이다 톤스타터는 온더의 토카막 네트워크 생태계를 확장하기 위한 것이다 이를 통해 온더는 부산을 한국의 크립토밸리 로 자리매김할 수 있도록 노력하겠다 정순형 온더 대표     도자료는     도자료는
2021-09-09, 국  암호화폐 거래소 빗썸 운영사 빗썸코리아 이 가상자산사업자 신고를 마쳤다 빗썸은 일 오후 시 분 금융위원회 금융정 분석원 에 신고서를  출했다고 밝혔다 빗썸은 지난 일 농협은행과 실명계정 계약을 체결했다 신고  건을 모두 갖춘 데 따라 바로 에 신고한 것이다 신고서  출을 마친 거래소는 업비트에 이어 두 곳으로 늘어나게 됐다 앞서 업비트 운영사 두나무는 지난달 일 에 신고서를  출했다 빗썸 관계자는 금융당국의 원활한 검토를 위해  어진 규정과 절차에 따라 적극 협조하겠다 고 밝혔다     도자료는 블록체인 기반 메타버스 게임 플랫폼인 더 샌드박스에서 뽀로로 캐릭터의 대체불가능토큰 이 나온다 뽀롱뽀롱 뽀로로의 애니메이션  작 업체인 아이코닉스는 더 샌드박스 본사 홍콩 와 파트너십을 일 발표했다 더 샌드박스는 디지털 엔터테인먼트 개발사인 애니모카 브랜드의 계열회사다 뽀로로 는 더 샌드박스에서 뽀로로 지식 재산권 를 기반으로 발행된다 이번 파트너십으로 더 샌드박스 사용자 누구나 뽀로로를 활용한 콘텐츠와 자신만의 게임을 만들 수 있다 뽀로로 를 활용한 캐릭터 는 더 샌드박스 게임   가상 부동산인 랜드의 특수 프리미엄과 함께 오는 일 판매될 예정이다 각 뽀로로 캐릭터 는 유일하게 개가 발행되며 마켓 플레이스 오픈시에서 경매로 판매된다 또한 아이코닉스는 랜드를 인수할 예정이다 인수 후에는 뽀로로 테마파크와 더 샌드박스의 스튜디오 협력사인 팩브로스에서 개발한 롤플레잉 게임을 랜드를 통해 선 일 계획이다 출시될 게임에는 뽀로로와 친구들의 가 활용된다 이번 더 샌드박스와 뽀로로의 파트너십은 블록체인 중계 플랫폼 온버프를 통해 이뤄졌다     도자료는     도자료는 페이코인 운영사 다날핀테크 이 정  호관리체계 인증을 획득했다 다날핀테크는 국  암호화폐 발행사 가운데 최초로 페이코인 발행사 페이프로토콜 가 인증을 받았다고 일 밝혔다 인증은 한국인터넷진흥원 이 정  시스템의  호 조치가 기준에 적합한지 검증하는  도로 가상자산사업자 는 기본  부 통  항목 개 외에도 가상자산 특화항목 개 항목을 추가로 통과하여야 획득이 가능하다 금융위원회 금융정 분석원 에 가상자산사업자로 신고하기 위해서는 인증이 필 하다 황용택 다날핀테크 대표는 페이프로토콜 가 인증을 취득함에 따라 가상자산사업자 신고를 위한 모든 준비가 완료됐다 며 생활 속 결  수단으로서 페이코인의 신뢰성을  장하고 안정적인 암호화폐 기반 서비스를  공하도록 노력하겠다 고 말했다 페이코인은 년 서비스 오픈 이후 년 동안 이용자 만명과 국  가맹점 만개 이상을 확 했다  븐일레븐 이마트 등 편의점과 도미노피자 등 다양한 업종과  휴를 맺었으며 비트코인 연동 결 서비스와 페이코인 쇼핑 페이코인 기프트 등을 선 였다     도자료는
2021-09-11,  상승은 항상 예상치 못한 시기에 찾아온다 지난 월 일부터 시작된 비트코인 반등도 마찬가지였다 개당 만 달러였던 비트코인의 가격이 갑자기 우상향 곡선을 그리더니 한 달만에 넘게 치솟았다 통상 비트코인 가격이 이렇게 오랜 기간 꾸준히 오르면 투자자들이 상승장 이라는 인식을 갖기 때문에 뚜렷한 이유가 없어도 알트코인의 가격이 함께 오르는 경향이 있다 아래는 비트코인이 상승 를  였던 지난 일부터 월 일까지 암호화폐 시가총액 위  에 있는 레이어 코인 가격 상승률을 그래프로 나타낸 것이다 차트를  면 전체 레이어 코인의 가격 상승률 평균은 다 평균 이상의 상승률을  인 코인은 솔라나 루나 아발란체 폴카닷 등이었다 이 개의 코인은 최근 상승장에서 다른 코인들 다 높은 상승력을  여줬다고 평가할 수 있겠다 이 가격 통계의 기준일이 월 일인 이유는 상승 를 이어가던 비트코인이 그날 불과 몇 시간만에 넘게 급락했기 때문이다 급락의 이유는 아직 명확하지 않지만 그동안 크립토 시장의 문법에 따르면 이유가 무엇이든 알트코인들은 비트코인 이상의 낙폭을  여줬어야 했다 아래 차트는 월 일부터 일 사이 시총 상위 위  에 있는 레이어 코인들의 평균 가격 변동률을 나타낸 것이다 이번 급락의 이색적인 부분은 강한 매도 를 동반한 비트코인의 하락에도 불구하고 알트코인 중 몇몇이 상당한 가격 방어력을  여줬다는 것이다 월 일부터 일 사이 시총 위 일 기준 레이어 코인들은 평균 의 하락율을  였는데 그중 개는 가격 하락율이 평균 다 낮았다 카르다노 솔라나 폴카닷 루나 아발란체 트론 코스모스 등이다 솔라나와 코스모스의 경우 급락 당일에는 비트코인과 함께 하락했지만 빠른 가격 회복력을  였다 특히 솔라나는 이 기간에 반등과 함께 전고점을 갱신하기도 했다 최근의 상승과 하락에서 가격적으로 강한 면모를  여준 레이어 코인들에서 발견되는 두 가지 키워드가 있다 바로 디파이 와 대체불가능토큰 이다 디파이가 가능하고 발행과 유통이 되는 레이어 의 코인들이 시장에서 좋은 평가를 받았다 디파이와 는 최근 크립토판에서 가장 뜨거운 이슈들이다 이더리움을  외하면 처음 만들어질때부터 디파이가 가능하거나 친화적인 플랫폼은 없었다 결국 지금 이 두 가지가 가능한 레이어 들은 후천적으로 시장의 흐름을 읽고 투자자들의 눈높이에 맞게 발빠른 대응을 했다는 얘기다 아울러 필 에 따라 플랫폼을 유연하게 변경할 수 있을 정도로 높은 수준의 개발 역량을  유하고 있는 플랫폼이라는 뜻이기도 하다 이번 하락 이후 레이어 코인들의 시가총액 순위에 어떻게 변동이 발생하는지  의깊게 살펴볼 필 가 있을 것 같다 사람들이 선호하는 코인에는 이유가 있다     도자료는 인도 암호화폐 업계에 대한 투자자들의 관심이 높아지고 있다 최근 인도는 년 체이널리시스 의 글로벌 암호화폐 채택지수 에서  계 위에 올랐으며 인도 블록체인 스타트업들도 글로벌 펀딩을 통해 자본 유치를 시작했다 최근 성공적인 펀딩을 마친 스타트업으로는 발라르벤쳐스 에서 천 만 달러를 유치한 볼드 알파빗펀드 펄거벤처스 스택스 엑셀러레이터 캐피탈 에서 만 달러를 투자받은 고셋츠 과 메커니즘캐피탈 및 기타 투자자들이 이끄는 프라이빗 펀딩 라운드에서 백만 달러를 유치한 바이코노미 빌리지 글로벌 넥서스파트너스 및 쿠날 샤 아난드 안잘리 반살 등 유명 엔젤 투자자들이 이끈 시드 펀딩에서 만 달러를 유치한 머드렉스 등이 있다 지금까지 인도 암호화폐 스타트업들이 받은 펀딩 금액은 억 달러가 넘는다 그 중 암호화폐 거래소 코인 는 인도 최초 암호화폐 유니콘 기업이 됐으며 블록체인 플랫폼 폴리곤 도 메이저 프로토콜 기업으로 등극했다 이렇게 암호화폐 스타트업들이 투자 유치에 성공하며 급부상할 수 있었던 이유는 탈중앙화 금융 디파이 덕분이다 인도의 우수한 개발자들이 핵심 암호화폐 상품 유통에 적합한 시장을 디파이에서 찾은 것이다 영국과 일부 국가의 암호화폐 자산 시장은 비규  시장이라서 소비자  호가 부재한 상황이다 그러나 글로벌 디파이 열풍은 억 달러 규모 의 투자확약금으로 이어져  계 각 지역 개발자들을 끌어 모으고 있으며 인도 스타트업 생태계도 개인정   호 프로토콜 탈중앙 거래소 탈중앙 자율조직 등 여러 기반들을 구축 중이다 특히 폴리곤은 높은 수수료 저조한 초당 거래 규모 부족한 유저경험 등 이더리움이 가진 문 를 디파이의 레이어 프로토콜로 해결함으로써 새로운 성장 동력을 얻었다 폴리곤 프로젝트는 비용을 낮추고 신속한 거래를 가능케 하며 많은 유저를 모았다 덕분에 폴리곤은 글로벌 투자자들의 관심을 한 몸에 받았고 유사한 암호화폐 솔루션을 구축하던 타 인도 프로젝트들에게도 기회의 문을 열어 었다 이  폴리곤 팀은 인도   다른 블록체인 스타트업들에 펀딩과 네트워크를 지원하기 시작했다 아카나 네트워크 공동 창업자 는 신뢰도를 높이고 업계 네트워크를 개발하는 과정에서 폴리곤 팀으로부터 큰 도움을 받았다 고 말했다 정  안 프로그램 스타트업 아카나 네트워크는 최근 코인베이스의 폴리곤 창업자들 리퍼블릭 창업자 및 기타 업계 최고 엔젤투자자들로부터 만 천 달러 규모의 투자 를 받았다 최근의 암호화폐 개발 붐은 대부분의 스타트업이 고전했던 년 이전과는 사뭇 다른 모습이다  작년만해도 암호화폐 거래소 운영만이 유일한 비즈니스 모델이었고 핵심 기술 플레이어들도 투자 유치에 어려움을 겪었다 년 인도준비은행 의 가상화폐 거래 금지 조치 는 기존 스타트업의 자금유치 노력을 곤경에 빠트리기도 했다 인도 벤처기업 및 투자자들은 늘 금융당국이 계좌를 압류할까봐 두려워했다 년 거품 악재로 암호화폐 프로젝트는 사기 라는 잘못된 인식이 널리 퍼졌고 이에 인도 규 당국이 금지법이란 강수를  놓은 것이다 암호화폐 스택킹 앱 고셋츠 공동창업자 대부분의 은행은 우리의 사업 운영이 사기라고 폄하했다 고 말한다 스타트업들은 가치가 높은 합법적인 글로벌 시장에 눈을 돌리기 시작했습니다 암호화폐 대출 플랫폼 볼드 의 공동창업자이자 대표인 가 말한다 준비은행의 암호화폐 금지령에 대한 대법원의 위헌 판결 이  려진 년 월까지 스타트업 업계는 은행과 금융기관에 문전박대를 당했다 그러나 호황이 시작되면서 암호화폐 스타트업들에게 성장과 기회의 문이 다시 열리기 시작했다 메타 스테이블 코인 인덱스 디파이달러 공동창업자 는 년 월 비트코인이 전고점인 만달러를 돌파한 후 점점 더 많은 투자금이 블록체인 스타트업계에 들어오고 있습니다 글로벌 투자자들에게는 놓치기 싫은 시장 사이클이란 뜻이다 라고 말했다 암호화폐 랠리로 인도 국  인지도도 높아지고 외국인 자금유입 또한 증가 를  이며 스타트업 프로젝트를 뒷받침하고 있다 외국인 투자자들의 투자 열기에도 불구하고 규  불확실성 때문에 인도 벤처 투자자들과 투자 펀드 참여는 비교적 낮은 수준이다 인도 벤처 캐피탈 기업의 펀딩 생태계는 다소  한적이었습니다 최근 규  불확실성 상황에서 투자하기는 조심스러웠던 거죠 바이코노미 공동창업자 가 말한다 는 인도 투자자들 다 글로벌 투자자들이 이 분야를 더 잘 알고 장기적인 시각에서 투자를 한다고 볼 수 있어  인도투자 펀드는 예상수익과 규  컴플라이언스만  기 때문입니다 규  불확실성 해소와 더불어 인도 투자사들의 투자 프로젝트 자체에 대한 가치 재평가 및 펀더멘탈 파악이 시급하다는 의미일지도 모른다 규  불확실성으로 인한 펀딩  한을 해결하기 위해서 이  폴리곤과 같은 기존 프로젝트는 신규 프로젝트를 위한 자체 펀드 및 지원 시스템을 구축 중이다 동시에 업계는 정치입안자와 정부 당국  도의 인도 공식 암호화폐 발행을 기다리고 있다 정부의 조속한 규  혁신을 통해 인도가 블록체인 산업을 이끄는 중심 국가가 되길 희망하는 것이다 암호화폐는 일 히 하락하며 변동성이 컸던 한  를 마감했다 지난  코인데스크 에 포함된 다수의 알트코인은 비트코인 다 저조한 실적을  였으나 매도 가 어느 정도 안정화된 것으로  인다 오늘 아침 시 기준 비트코인은 약 만 천달러에 거래됐으며 지난  약 하락했다 일부 분석가는 일 이동 평균 근처에서 지지를 받으며 가격이 유지될 것으로 예상하고 있다 그러나 만달러 전후로 여전히 강한 저항을  이고 있다 펀드스트랫은 어  뉴스레터에서 지난 일 발생한 청산은 이더리움을 포함해 알트코인 영역에  재된 레버리지로 인해 악화됐을 수 있다 며 온체인 블록체인의 거시적 그림은 일관되게 유지되므로 이러한 중간  기 청산은 포지션을 통합할 수 있는 좋은 기회 라고 평가했다 분석가 및 거래자들은 시장의 분위기를 약화시킬 수 있는 각종 규  위험도 지속적으로 모니터링하고 있다 가격 암호화폐 오전 시 분 비트코인 만 달러 이더 달러 전통시장 지수 금 온스당 달러 년 만기 미국 국채 금리 규  우려 최근 이어진 일련의  도는 암호화폐에 대한 각국의 규  단속이 끝나지 않았음을 시사한다 지난 일 중국 국영 전력회사는 비트코인을 포함한 암호화폐 채굴 시설에 대한 각종 조사를 진행 중이라고 밝혔다 암호화폐 뉴스  공업체 우블록체인은 특정  도를 가리키며 이 기사는 비트코인 같은 암호화폐가 에너지를 낭비하고 금융당국의 감시망을 피해 중국에서 명확한 법적 지위를 갖고 있지 않다 고 지적했다 지난 일 스웨덴 중앙은행 릭스방크의 스테판 잉베스 총재는 사모 자금은 나중에 결국 무너진다 고 경고했다 그는 이어 비트코인을 우표에 비유하며 비트코인을 이용한 자금  탁 우려를 표명했다 지난  유럽증권시장국 은  고서를  고 암호화 자산은 가격 변동이 심하고 기존 유럽연합 규  범위 밖에 있어 투자자  호 문 가 생길 수 있다 고 경고했다 이더 지원선 유지 이더는 지난달 천달러를 돌파한 후 줄곧 비슷한 수준을 유지하고 있다 그러나 지난 월 역대 최고가인 달러까지는 이르지 못해 천달러 저항선에서 하락했다 현재 이더는 단기 차트에서 과매도 상태인 것으로  이며  말까지  합 를 유지할 가능성이 크다 분석가들은 향후 청산이 발생할 수 있는 가격대를  시하고 있다 글래스노드의 루크 포지 연구원은 청산 임계값은 물론 가격 하락 이후 트레이더의 위치 변경 상태 등을 수시로 확인할 수 있다 며 이더가 달러선으로  려가기 전까지는  용 청산이 발생하지 않을 것 으로 전망했다 코인베이스 거래량 증가 코인베이스 거래량이 지난 월 이후 최고 수준으로 상승했다 투자자들이 비트코인을 넘어 암호화폐 전반으로 노출을 확대한 영향으로 풀이된다 코인베이스는 일 기관투자자 대상  고서에서 월은 암호화폐뿐 아니라 글로벌 시장 전반의 변동성이 크다는 것을 감안할 때 이 같은 추 는 당분간 계속될 것으로 기대한다 고 언급했다 코인베이스 거래소의 거래량 상위는 비트코인과 이더 카르다노 토큰이 줄곧 지배하고 있다 코인베이스는 현재로서는 물량 자체가 약한 탓에 도지코인에 대한 개인투자자의 집착이 끝난 듯  인다 그래프 상단의 진한 파란색 고 언급했다 알고랜드의 알고 토큰도 최근 거래량이 많이 증가했다 알고 토큰 거래량은 지난  약 증가한 반면 같은 기간 비트코인은 하락했다 알트코인 소식 바이낸스 일 예정된 카르다노 하드포크 지원 암호화폐 거래소 바이낸스는  계협정시 기준 일 밤 시 분 진행될 카르다노 하드포크를 지원한다고 밝혔다 이에 따라 카르다노 토큰의 입출금은 시부터 중단되며 업그레이드 이후 네트워크가 안정적이라고 판단될 때 재개된다 이번 업그레이드로 현재 테스트넷 환경에서 운영되고 있는 카르다노 메인넷에 스마트계약 기능이 추가될 예정이다 바이낸스는 업그레이드로 토큰 거래가 영향을 받지는 않을 것이라고 언급했다 마이애미 아트쇼 스포크 티켓 판매 마이애미 아트쇼 스포크 가 블록체인 기반 라이브쇼 티켓판매소인 옐로우하트 와 손잡고 대체불가능토큰 형태로 티켓을 판매한다 코인데스크 헬렌 브런 기자는 는 독특한 콘텐츠와 경험을  공하고 중개자가 필  없어 예술 및 엔터테인먼트 분야에서 성장하는 추  라고 평가했다 올림픽 메달리스트 오노 사기 가담 혐의로 피소 전 스피드 스케이팅 선수 아폴로 오노가 암호화폐 사기 연루 혐의로 피소됐다 소송을  기한 측은 지난 년 지금은 폐쇄된 하이브리드블록 거래소가 토큰 판매로 약 천만달러를 유치할 당시 오노가 일정 부분 역할을 했다고  장하고 있다 앞서 미국 증권거래소 는 년 사이 당국의 규 를 받지 않고 가상화폐 공개 로 큰 수익을 올린 사기꾼들을 계속해서 추적하고 있다
2021-09-13, 국무조정실 등 정부가 정  호 관리체계 인증을 받은 국  암호화폐 거래소가 총 곳에 달한다고 일 발표했다 이날 정부가 공개한 가상자산사업자의 인증 현황 자료에 따르면 거래소와 지갑사업자를 아울러 총 곳이 인증을 취득했다 그 중 거래소는 월 일 정부가 발표한 명단에서 개가 추가된 곳 헥슬란트와 하이퍼리즘 등 지갑사업자는 곳에 달했다 특정금융정 법 특금법 개정안에 따라 가상자산사업자들은 인증 등의  건을 갖춰 월 일까지 금융위원회 금융정 분석원 에 신고해야 한다 기한에 맞춰 신고하지 못한 가상자산사업자는 앞으로 국  사업이 불가능하다 아직까지 인증을 받지 못한 거래소는 폐업할 위험성이 크다는 의미다 이에 정부는 거래소들의 폐업과 영업중단으로 인한 투자자 피해를 사전에 예방하고자 이번 명단을 공개했다 정부 관계자는 앞으로 신고기한까지 잔여일정을 고려할 때 명단의 사업자 외에는 추가로 인증을 받는 곳이 나올 가능성이 낮다 며 특히 신고기한이 임박한 상황을 틈타 일부 가상자산사업자들이 인증 심사를 신청한 것을 인증을 받은 것처럼 과대 홍 하는 사례가 있으니 각별히  의하기를 바란다 고 강조했다 한편 영업을 종료하게 된 사업자는 월 일까지는 그 사실을 공지하고 월 일까지 모든 서비스를 접어야 한다     도자료는 비트코인 하락할 때 오히려 오른 코인의 특징 상승은 항상 예상치 못한 시기에 찾아온다 지난 월 일부터 시작된 비트코인 반등도 마찬가지였다 개당 만 달러였던 비트코인의 가격이 갑자기 우상향 곡선을 그리더니 한 달만에 넘게 치솟았다 통상 비트코인 가격이 이렇게 오랜 기간 꾸준히 오르면 투자자들이 상승장 이라는 인식을 갖기 때문에 뚜렷한 이유가 없어도 알트코인의 가격이 함께 오르는 경향이 있다 비싸서 못 샀던 삼바  식  년 하반기부터   씩 살 수 있다 정부가  식 소액투자자의 투자 기회를 넓히기 위해  년 하반기부터 국  식에 소수점 거래를 도입한다 해외 식은 올해 안에 서비스를  공하는 증권사를 확대한다 나이지리아의 프로젝트 좋은 점 나쁜 점 추악한 점 중앙은행 디지털화폐 는 나이지리아를 포함한  계 각 국가에서 급속도로 인기를 얻고 있다 나이지리아 중앙은행 은 최근 오는 월 인 나이라를 출시하겠다는 계획을 발표했다   회 취재했던 기자의 소회 네 번째 업비트 개발자 컨퍼런스 의 국문 기사 영문 중문 번역까지 모두 끝났다 코인데스크 코리아 기자 모두가 고생하며 취재한 게 떠올라 괜히 시원섭섭한 마음이 든다 특히 나는 년 첫 에 참여했던지라 가 블록체인 업계 연례 행사가 된 것을  니 감회가 새롭다 미국 재무부 최우선 업무에 암호화폐 브로커 규  포함 미국 재무부가 발표한 우선순위 상위 업무계획 문서에 따르면 년 월 일까지 인적 물적 자원을 추가적으로 투입하는 개의 우선업무에 조항에 따른 가상화폐 정  고에 관한 규정  정이 포함됐다 플라이빗 코어닥스 빗크몬 등 중소형 거래소 원화마켓 종료 월 일 특정금융정 법 특금법 상 가상자산사업자 신고 유예 기한 마감을 앞두고 실명계정을 확 하지 못한 국  암호화폐 거래소들이 원화마켓 중단에 나섰다 실명계정 없이는 원화마켓을 운영해선 안 된다는 금융당국의 지침을 따르기 위해서다 코인원 코빗 가상자산사업자 신고 접수 국  빅 접수 완료 국  암호화폐 거래소 코인원과 코빗이 가상자산사업자 신고를 마쳤다 이로써 국  대 암호화폐 거래소 모두 가상자산사업자 신고 기한을 지키게 됐다     도자료는
2021-09-14,   소식 마이크로스트레티지 추가 매입 비즈니스 인텔리전스 모바일 소프트웨어 및 클라우드 기반 서비스를  공하는 회사 마이크로스트레티지 가 를 추가적으로 매입했다고 지난 일 밝혔다 마이크로스트레티지는 이미 월 동안 를 매입 한 것으로 알려졌다 자사 비트코인  유량은 만 로 추정된다 현재 달러 차기는 약 억달러다 가짜  도자료로 상승한 라이트코인 미국 유통업체와 하이퍼마켓 기업 월마트 가 지난 일 라이트코인 과  휴를 해서 라이트코인 결 를 지원할 예정이라고 발표하는  도자료가 나왔다 하지만 이  도자료는 가짜로 드러났다 가짜 뉴스 에 라이트코인 가격이 이날 이상 올랐다 월마트 대변인은 인터뷰 를 통해  도자료는 사실이 아니라고 밝혔다 라이트코인은 현재 달러대에 거래되고 있으며 시간 사이 이상 하락 했다 엘살바도르에서 비트코인 투자하는 외국인  금 안 낸다 최근 비트코인을 법정화폐로 쓰기 시작한 중미 국가 엘살바도르가 자국에서 비트코인 투자하는 외국인은  금을 안 낼 예정이다 미국 핀테크 플랫폼 머니라이언 이 월 말 뉴욕증권거래소 상장을 앞두고 암호화폐 거래 기능을 추가한다 일 미국시간 머니라이언은  도자료 를 통해 오는 월 일부터 자사 앱에 비트코인 과 이더리움 을 매매하고 이들 암호화폐로 체크카드 사용금액 중 일부를 결 할 수 있는 기능을 지원한다고 밝혔다 해당 서비스는 뉴욕과 하와이 지역 외 미국 적격사용자를 대상으로 거래 수수료 없이 지원한다 머니라이언은 대신 소비자가 암호화폐를 달러로 전환할 때 벌어지는 스프레드 가격차이 로 수익을 얻을 예정이다 암호화폐 거래와  관 업무는 디지털자산 커스터디 수탁 기업  로해시가 맡는다 머니라이언은 해당 암호화폐 거래 서비스를 향후 탈중앙 금융 디파이 와 연계한다는 계획이다 미국 경 매체  도 에 따르면 디 추비 머니라이언 최고경영자 는 투자자회의에서 곧 출시할 암호화폐 거래 기능에 대해 사용자가 디파이 서비스를 접하기에 앞서 이에 대해 학습할 수 있는 서비스 라고 소개하면서 핀테크의 미래가 디파이라고 생각한다면 이는 매우 중 한 첫걸음 이라고 말했다 머니라이언은 년 월 기준 만명의 사용자를  유하고 있는 핀테크 기업으로 오는 월 일 기업인수목적기업 퓨전아퀴지션 을 통해 뉴욕증권거래소에 상장을 계획 하고 있다 상장에 성공할 경우 머니라이언은 소파이 로빈후드 스퀘어의 캐시앱과 함께 핀테크 슈퍼앱 반열에 오를 것으로 는 전망했다
2021-09-15, 암호화폐 데이터 분석 업체 글래스노드가 일 스위스 시간  간 온체인  고서를 발표했습니다 이번  간 온체인  고서에서 글래스노드는 파생상품 시장에서 일어난 변동성에도 불구하고 비트코인 장기 유자의 물량이 여전히 굳건하다는 점에  목했습니다 아래는 글래스노드가 온체인 데이터를 통해 비트코인 장기 유자들의 물량이 어떻게 굳건한지를  여 는  고서 전문을 번역 편집한  용입니다 파생상품이 지난 일 코인 폭락  도 지난 일 비트코인과 이더리움의 무기한 선물 시장에는 큰 폭의 조정이 있었습니다 비트코인의 경우 순간적으로 만달러 이상의 조정이 왔습니다 이 조정으로 인해 쌓여왔던 선물 레버리지가 상당 부분 해소됐습니다 이날 시간 안에 억달러 규모의 미결 약정이 청산됐습니다 미결 약정이란 아직 계약 만기가 되지 않아 고객이 상품 포지션 을 가지고 있는 상태를 뜻합니다 미결 약정 규모가 커질수록 시장 변동성도 덩달아 커집니다 매수 포지션 청산 도미넌스 지표를  면 조정이 나오기 전 숏 스퀴즈가 나오면서 비트코인이 만 달러까지 오른 것을 확인할 수 있습니다 이때 전체 청산 비율 가운데 매도 포지션 청산 비율이 를 차지했습니다 매수 포지션 청산 도미넌스는 매수 포지션 청산 값에서 매수 포지션 청산과 매도 포지션을 합친 값을 나눈 지표입니다 이 지표가 를 넘으면 청산된 매수 포지션이 더 많은 것을 의미합니다 숏 스퀴즈는 코인이 상승할 때 매도 포지션을 걸었던 투자자들이 손실을 줄이기 위해 매수로 전환하는 것을 말합니다 통상 숏 스퀴즈가 나오면 급격한 가격 상승이 나타납니다 비트코인 가격이 오르고 곧바로 일 급락이 일어난 것입니다 이때는 매수 포지션 청산 비율이 로 치솟으면서 가격이 올랐을 때와 정반대의 현상이 일어났습니다 비트코인 옵션 시장도 급락 당시 거래량이 억달러까지 급등했습니다 올해 옵션 시장의 특징이 하나 있는데  옵션 시장의 거래량이 급등하면 가격 조정이 일어났다는 점입니다 다음  용은 코인데스크 프리미엄 에서 읽을 수 있습니다     도자료는 밀크파트너스 대표 조정민 는 편의점 를 운영하는 리테일 대표 이건준 과 포인트 연동 사업 협력을 맺었다고 일 밝혔다 밀크파트너스는 블록체인 기반 포인트 통합 플랫폼 밀크 를 운영 중인 업체다 는 국  편의점 업계 중 가장 많은 만 여개의 점포 수를  유하고 있는 생활 밀착형 시설로 전국 점포에서 포인트 적립형 멤버십 멤버십 을 운영하고 있다 이번 사업  휴로 이용자들은 밀크 코인을 포인트로 전환해   결 에 사용할 수 있다 반대로 포인트를 밀크 코인으로 전환해 암호화폐 거래소에서 거래하거나 야놀자와 메가박스 등 밀크 파트너사에서 활용 가능하다 밀크파트너스와 는 연 까지 고객 계정을 연동하고 포인트를 전환하는 기능을 구축할 예정이다 또한 양사 고객들에게 새로운 포인트 활용 경험을 선사하기 위해 공동 마케팅도 추진한다 송지택 리테일 혁신부문장은 이번 업무 휴는 멤버십 포인트의 활용성을 획기적으로 높였다는 점에서 고객을 추가로 유입시키는 긍정적인 효과를 기대할 수 있다 고 말했다 조정민 밀크파트너스 대표는 밀크 얼라이언스에 가 합류하면서 이  밀크 고객들은 여행이나 문화생활뿐 아니라 일상 소비 활동에서도 밀크를 활용할 수 있게 된다 며 굴지의 파트너사들과 함께 계속해서 성장하는 밀크에 앞으로도 많은 관심과 기대 부탁드린다 고 말했다     도자료는 암호화폐 데이터 분석 업체 인투더블록 최근 비트코인의 트랜잭션 규모가 가파르게 증가하고 있습니다 이번 여름에는 평균 트랜잭션 규모가 만달러였지만 최근에는 만달러가 넘습니다 일 기준으로 이 규모는 만달러까지 오르면서 사상 최고치를 경신했습니다 라이트코인 이  비자 카드를 통해 라이트코인 결 가 가능합니다 애플페이 구글페이 삼성페이에서도 비자 카드로 라이트코인 결 를 할 수 있습니다 다음  용은 코인데스크 프리미엄 에서 읽을 수 있습니다     도자료는 대부분 암호화폐는 상승했다 이 가운데 미국 상원 금융업위원회에 증인으로 참석한 게리 젠슬러 증권거래위원회 의장은 암호화폐 시장에 대한 관리 감독을 강화해야 한다고 강조했다 그러나 비트코인은 별다른 반응을  이지 않았고 지난 시간 동안 약 상승했다 젠슬러는 코인베이스 같은 암호화폐 거래소는 에 등록해야 한다 며 이들은 증권으로 분류될 수 있는 수십 종의 토큰을  유하면서도 여전히 등록하지 않고 있다 고 지적했다 가 암호화폐 프로젝트에 대한 규  강화를 위해 의회를 지원하고 나서자 대규모 기관투자자들이  목하고 있다 피치 레이팅스는 최신  고서에서 디지털 자산의  도화는 암호화폐가 미국 금융산업에 더 깊이 뿌리 리게 될 것임을 시사한다 며 디지털 자산에 대한 규  및 감독의 정확도는 암호화폐 시장에 진입하는 은행의 신용 영향도를 평가할 때 중 한 고려사항 이라고 언급했다 피치는 이어 전통 은행은 디지털 자산 시장 참여자에게 예금 및 대출 상품을  공함으로써 암호화폐 산업에 간접적으로 관여하고 있다 며 그런데 이는 각종 규정을 준수하지 못할 위험을 안고 있다 기관투자자가 대규모 암호화폐를 수용하려면 고객 적합성 및 자금  탁 사이버  안 등 각종 문 를 해결해야 한다 고 지적했다 가격 암호화폐 오전 시 분 비트코인 만 달러 이더 달러 전통시장 지수 금 온스당 달러 년 만기 미국 국채 금리 암호화폐 시장 공포 영역 진입 비트코인 공포 및 탐욕 지수가 지난  매도  이후 공포 영역으로 재빨리 이동했다 델피 디지털의  기안 분석가는 월은 가격이 전반적으로 상승하면서 시장이 극도의 탐욕 상태를 나타냈다 며 월에는 대체로 가격이 하락하는 경향이 있다 실 로 이번 달 초에는 강 로 시작했으나 이  급격히 악화됐다 고 언급했다 아래 차트에서 나타나듯 지난해 월 및 올해 월과 유사한 가격 상승에 앞서 부정적인 분위기가 나타났다 비트코인 선물 현물 거래량 앞서 아케인 리서치는 어   고서에서 비트코인 선물시장의 중 성이 커지고 있다 며 특히 일일 거래량의 경우 최근 몇 달 동안 비트코인 전체 거래량에서 차지하는 비중이 크게 증가했다 고 언급했다 비트코인 현물 거래량은 올해 초 전체 거래량의 였으나 현재 를 밑도는 수준이다 아케인 리서치는 이어 월에는 현물 거래량이 매우 많았고 월에는 소폭 감소했다 며 이 기간 동안 기관투자자의 영향이 강하게 작용했다 고 설명했다 현물 거래량은 변동성이 커지면서 최근 몇  간 증가했지만 월 다는 훨씬 낮은 수준이다 알트코인 상승  비트코인 추월 최근 몇 개월 동안 일부 트레이더가 암호화폐 종류를 다양화하면서 알트코인 상승 는 비트코인을 앞질렀다 페어리드 스트레티지의 케이티 스톡튼 전무이사는 지난 몇  간 소규모 암호화폐의 인기는 다소 사그라졌지만 일시적인 현상일 뿐 이라며  간 현황을  면 폴카닷 이나 체인링크 의 선호도는 계속해서 이어지고 있음을 알 수 있다 고 언급했다   차트는 비트코인 대비 알트코인의 중기 순환도를  여준다 스톡튼은 그래프가 시계 방향으로 회전하면 단기적으로는 비트코인이 시장을 선도할 가능성이 크지만 중기적으로는 알트코인에 유리하다 고 설명했다 알트코인 소식 솔라나 네트워크 정전 수습 중 솔라나 정전 사태가 시간 연장되면서 엔지니어들은 네트워크 불안을 해소하기 위해 분 히 움직였다 이번 사건에 정통한 소식통은 정전 사태는 솔라나에 구축된 모든 것에 영향을 미치지만 가장 문 는   레이어 라고 지적했다 토큰은 지난 시간 동안 약 하락했다   레이어 아비트럼 네트워크도 일시 중단 이더리움 확장 네트워크 아비트럼 도 약 시간 동안 중단됐다 이에 디파이 생태계 전반에서 각종 우려가  기됐다 아비트럼 측은 트윗을 통해 정전을 인정했다
2021-09-16, 밀크파트너스 대표 조정민 가 밀크 코인을 메가박스 포인트로 전환할 수 있는 서비스를 오픈했다고 일 밝혔다 밀크파트너스는 블록체인 기반 포인트 통합 플랫폼 밀크 를 운영하는 업체다 밀크 이용자들은 애플리케이션 앱 에서 자신이  유한 밀크 코인이나  휴사 포인트인 야놀자의 야놀자 코인 또는 신 계인터넷면 점의 썸머니 로 메가박스 포인트를 저렴하게 구매할 수 있다 밀크파트너스는 메가박스 서비스 오픈을 기념해 밀크 코인 개와 최대 메가박스 포인트를 지급하는 특별 이벤트도 진행한다 밀크 앱에서 메가박스 회원 계정 최초 연동한 이용자는 밀크 코인 개와 메가박스 포인트를 메가박스 신규 가입 시 포인트를 추가로 받을 수 있다 여기에 메가박스에서 영화 관람을 완료하면 추가로 메가박스 포인트도 얻게 된다 또한 스페셜 짜잔마트 코너에서는 메가박스 관람권 패키지를 특가 판매한다 계정 연동을 마친 메가박스 회원은 밀크 앱에서 인 또는 인 영화 관람권 더 부티크 스위트 영화 관람권 팝콘과 탄산음료 패키지 관람권 등을 최대 할인을 받아 구매할 수 있다 조정민 밀크파트너스 대표는 국  대표 멀티플렉스 극장인 메가박스와 함께 고객들이 더욱 즐거운 추석 명절을  낼 수 있도록 특별한 이벤트도 준비했으니 많은 관심을 부탁드린다 고 말했다     도자료는 암호화폐 전문 매체 비트코인 매거진 엘살바도르의 비트코인 자동인출기 인 치 에서 이  달러 규모의 적은 비트코인도 송금할 수 있습니다 블룸버그 크립토 엘살바도르의 반정부 시위대는 최근 비트코인을 법정화폐로 채택하고 권력을 강화하는 움직임을  이는 나이브 부켈레 대통령에게 항의하기 위해 거리로 나왔습니다 다음  용은 코인데스크 프리미엄 에서 읽을 수 있습니다     도자료는  계 최초로 비트코인 을 법정화폐로 채택한 엘살바도르에서 반정부 시위대가 항의의 의미로 비트코인 자동입출금기기 를 불태웠다 일 미국시간 코인텔레그래프 는 현지 매체와 사회연결망서비스 에 게시된 영상들을 인용해 엘살바도르의 수도 산살바도르에서 국민들이 비트코인 을 파괴하고 있다고  도했다 반정부 시위대는 민  의는 판매 상품이 아니다 는 문구의 팻말을 들고 엘상바도르 공식 비트코인 지갑 치  와 연동된 에 불을 붙였다 마리오 두란 산살바도르 시장은 수도   헤라르도 바리오스 광장에 설치된 들만  로 피해를 입었으나 일부 시위대는 광장의 가구 상점을 불태우기도 했다 고 피해 현황을 발표했다 지난 일 미국시간 나이브 부켈레 엘살바도르 대통령이 전국에 비트코인 수는 여개에 달한다 고 집계한 지 하루 만에 이번 폭동이 발생했다 부켈레 대통령은 비트코인이 법정화폐로 자리잡는 속도를 올리기 위해 법이 발효된 일부터 트위터를 통해 치  애플리케이션을 직접 홍 하기도 했다     도자료는 비트코인 장기 유자의 지표 실시간 차트  기 비트코인 장기 유자들은 여전히 물량을 그대로 유지하고 있습니다 비트코인이 월 가격 조정이 일어나기 전에는 위 이미지 지표의 파란색 곡선에서 볼 수 있는 것처럼 장기 유자들이 물량을 팔아넘겼습니다 이때 장기 유자들은 배 이상의 수익을 올린 것으로  입니다 그러나 지금은 다릅니다 다음  용은 코인데스크 프리미엄 에서 읽을 수 있습니다     도자료는
2021-09-17, 은행 실명계정을 확 하지 못한 암호화폐 거래소 지닥이 원화마켓 운영을 일시 중단한다 지닥 운영사 피어테크는 일 오후 거래소 공지사항을 통해 이날 밤 시부터 원화 계좌 신규 등록을 중단한다고 밝혔다 지닥 원화마켓의 거래와 원화 입금은 오는 일 오후 시를 기점으로 멈춘다 다만 원화 출금은 계속 가능하다 피어테크는 원화마켓을 일시 중단하는 대신 오는 일 오후 시부터 비트코인 마켓을 새로 운영하겠다고 밝혔다 피어테크는 특정금융거래정 의  고 및 이용 등에 관한 법률 특금법 에 따른 가상자산사업자 신고  건 중 정  호관리체계 인증과 자금 탁방지 시스템 구축을 완료했으나 시중 은행 실명입출금 계정 실명계정 확인서가 발급되지 않은 채 신고 기한이 다가옴에 따라 부득이하게 원화마켓 운영을 일시 중지하게 됐다고 설명했다 피어테크는 공지사항에서 시중 은행 실명계정 확인서 발급 절차가 마무리 단계에 있다 면서 가상자산사업자 신고 기한인 월 일까지 가상자산 거래업자와 지갑사업자로 신고 접수를 마치겠다 고 밝혔다     도자료는 금융위원회 금융정 분석원 이 암호화폐 거래소 업비트의 가상자산사업자 신고를 수리했다고 일 밝혔다 이로써 업비트는 정부에 신고한 첫 가상자산사업자가 됐다 는 이날 외부 민간 전문가 인으로 구성된   차 가상자산사업자 신고심사위원회를 개최했다 위원회는 업비트 운영사 두나무가 지난달 일 접수한 신고에 대해 심사한 결과 두나무의 가상자산사업자 신고를 수리하기로 결정했다고 밝혔다 에 따르면 일 오후 시 분 기준 신고 접수를 완료한 가상자산사업자는 두나무  식회사 업비트 빗썸코리아 빗썸 코인원 코인원 코빗 코빗 한국디지털거래소 플라이빗 한국디지털에셋 등 모두 곳이다 이 중 한국디지털에셋 곳은 지갑 사업자 등 나머지 곳은 거래업자로 신고했다 에 따르면 신고 접수를 완료한 여섯 개 사업자 외에도 개 사업자가 신고 접수를 위한 형식적 서류 구비 여부 등 신고 서류의 사전 확인 절차를 진행 중이다 국  한 암호화폐 거래소 관계자는 이날 코인데스크 코리아에 아직 은행으로부터 실명입출금계정 발급 확인서가 나오지 않아 이를  외한 필  서류를 오늘 에 전달했으나 아직 신고 접수를 완료하진 않았다 고 말했다 그는 향후 실명계정 확인서가 나오는대로 원화와 가상자산 간 거래를 지원하는 가상자산 사업자로 신고를 접수할 계획 이라고 말했다 는 가상자산 사업자 신고 기간 종료일인 월 일이 일 일 남은 점을 감안해 아직 신고를 진행하지 않은 가상자산사업자들에게 신속히 신고를 진행해 달라고 당부했다 두나무 관계자는 현재 사업자 신고 수리 관련 공문을 수령하기 위해 대기 중 이라며 특금법을 비롯한 관련 법령이 정한 의무를 이행하고 자금 탁방지 과 고객확인 등을 강화해 더욱 안전한 투자 환경을  공하겠다 고 말했다     도자료는 업비트가 국  신고 수리 호 암호화폐 거래소가 됐다 금융위원회 금융정 분석원 은 일   차 가상자산사업자 신고심사위원회를 열고 업비트를 운영하는 두나무  식회사에 대한 심사를 진행하고 이 회사의 신고를 수리하기로 결정했다고 밝혔다 신고심사위원회는 심사 업무의 공정성과 객관성 전문성 등을 위해 인의 외부 민간 전문가들로 구성돼 있다 는 금융감독원의 신고심사 결과와 가상자산사업자 신고심사위원회의 논의 결과를 고려해 두나무의 가상자산사업자 신고를 수리하기로 결정했다 고 밝혔다 이날까지 에 신고서를  출한 가상자산사업자는 모두 곳이다 가 지난 일 신고 현황을 공개했을 때 다 곳이 늘었다 이 곳은 거래소인 한국디지털거래소 플라이빗 와 수탁사업자인 한국디지털에셋 이다     도자료는 가상자산 암호화폐 사업자 신고 도 시행 일 일을 앞두고 폐업하는 거래소들이 생겨나는 가운데 정부가 영업이 불투명한 거래소를 이용하는 사람들은 예치금과 가상자산을 서둘러 인출하라고 안 했다 금융위원회는 일 가상자산 이용자 유의사항 자료를  어 가상자산 사업자 신고 기한인 일까지  일밖에 남지 않은 만큼 이용 중인 사업자의 신고 여부 폐업 영업중단 계획 등을 확인하기 바란다 고 말했다 현재 현금 입출금 거래가 가능한 가상자산 거래소 곳 업비트 빗썸 코인원 코빗 이 당국에 신고해 수리 절차가 진행 중이며 고팍스 등 개 거래소 지갑 사업자가 정  호관리체계 인증을 받았다 정  호관리체계 인증만 받은 거래소는 현금으로 코인을 사고파는 거래는 할 수 없고 코인으로 다른 코인을 사고파는 거래만 할 수 있다 금융위는 정  호관리체계 인증을 받지 못한 사업자는 폐업 가능성이 크므로 예치금 가상자산을 인출하라고 권고했다 금융위는 가상자산 사업자의 폐업 영업중단 시 기획파산 등으로 예치금 가상자산을 돌려받기 어렵거나 반환청구소송을 할 경우 장기간 소 될 수 있다 고 말했다 신고 계획이 불분명한 경우에도 선 적으로 예치금 가상자산을 인출하는 것이 안전하다고 덧붙였다 가상자산 사업자가 기한  에 신고했더라도  건을 충족하지 못하면 신고가 수리되지 않을 수 있으므로 사업자의 신고수리 현황을 지속해서 확인해야 한다 특정 가상자산 거래소에서만 상장된 나홀로코인 은 폐업 시 다른 가상자산이나 현금으로 교환하기 어렵기 때문에 미리 인출해야 한다 가상자산 사업자 신고 기한이 다가오면서 현금 매매가 가능한 원화마켓을 종료하거나 정  호관리체계 인증을 못받아 폐업하는 거래소들이 속속 생겨나고 있다 현금거래가 가능한 사업자 신고가 더 없으면 일부터는 개 거래소 과점 체 로 가상자산 시장이 재편될 것으로 전망된다 가상자산 시황 정  사이트인 코인마켓캡에 따르면 이날 기준 업비트 빗썸 코인원 코빗의 시간 거래량이 국  가상자산 사업자 전체 거래량의 에 이른다 한국핀테크학회장을 맡은 김형중 고려대 정  호대학원 특임교수는 최근 토론회에서 대 거래소만 살아남을 경우 개 코인이 사라져 총 조원의 피해가 발생할 수 있다는 분석 결과를  놓았다     도자료는
2021-09-20, 
2021-09-21, 미국 증권 거래 앱 로빈후드가 암호화폐 지갑  관 및 전송 기능을 앱  에서 지원하기 위해 테스트 중이라고 블룸버그가 일  도했다 블룸버그는 로빈후드가 아이폰용 앱 베타 버전에서 이같은 기능을 준비하고 있다고 전했다 암호화폐 지갑 기능이 정식 출시되면 로빈후드 이용자들은 앱  에서 달러 환전을 거치지 않고 암호화폐를 사고팔거나  고받을 수 있게 될 것으로  인다 블룸버그에 따르면 로빈후드 아이폰용 베타 버전 앱에 숨겨진 이미지를 누르면 새 암호화폐 지갑 이용을 위한 사전 등록 페이지에 접속할 수 있다 로빈후드 측은  도 시점까지 코인데스크 의 취재  청에 응하지 않았다 앞서 로빈후드는 올해 월 도지코인을 비롯한 암호화폐 입출금 기능을 지원할 계획이라고 밝힌 바 있다     도자료는 포브스 크립토 에버그란데 헝다 그룹 의 혼란이 비트코인 이더리움을 비롯한    암호화폐들에게 영향을 끼쳤습니다 이에 따라 암호화폐 시장은 약 억달러의 시가총액을 상실했습니다 에버그란데는 지난해 자산규모 기준 중국 최대 건설사인 대기업이에  최근 부채리스크가 크게 부각되면서 파산 위기에 몰린 것으로 밝혀졌어  글로벌 기준으로도 규모가 큰 기업이라서 글로벌 금융시장과 암호화폐 시장도 에버그란데 파산 이슈에 촉각을 곤두 우고 있어  이슈가 본격적으로 불거지기 전인 일 의  도에 따르면 에버그란데가 파산을 하더라도 파급력은 생각 다 크지 않을 것이라는 전망이 나오기도 했어  중국 암호화폐 전문 매체 우블록체인 또 다른 중국 부동산 회사인 징리 는 홍콩 증시에서 가량 폭락했습니다 징리는 중국 부동산 회사 중 위로 기록돼 있으며 약 억달러의 부채를 가지고 있습니다 다음  용은 코인데스크 프리미엄 에서 읽을 수 있습니다     도자료는 미국 암호화폐 거래소 코인베이스가 미국 증권거래위원회 규 에 암호화폐 예치 및 렌딩 서비스 렌드 출시를 포기했다 코인베이스는 지난 일 미국시간 자사 블로그를 통해 우리는 출시하기로 했던 유에스디코인 연이자 프로그램을 시작하지 않을 것 이라고 밝혔다 해당  용은 공식  도자료가 아닌 지난 월 렌드 서비스 출시 예고 게시물에 업데이트하는 형식으로 조용히 발표됐다 코인베이스 렌드는 등 암호화폐를 예치하는 사용자를 대상으로 연 수익률을   운 상품이다 최근 미국 는 이와 관련 코인베이스에 소송을 예고하는 웰스노티스 를 발부하면서  동을 걸었다 그러자 당시 폴 그레월 코인베이스 최고법률책임자는 는 평가 기준은 언급하지 않고 하위와 레브스라는 수십년 된 기준을 통해 우리의 상품을 평가하고 있다고만 말한다 면서 의  구대로 개발과정을 수시로 알렸지만 오늘날 우리가 아는 것은 이유도 모른 채 서비스를 무기한 중단하거나 소송을 당할 수 있다는 것 이라고 항의 한 바 있다 당시 코인베이스는 오는 월까지 렌드 서비스 출시를  류하겠다고 밝혔지만 최근 미국 각  에서 블록파이 셀시우스 등 암호화폐 예치 및 렌딩 서비스 기업에 대한 규 가 이어지면서 결국 출시를 포기했다 코인베이스 대변인은 코인데스크의 취재  청에 월 게시물 업데이트  용 외에 추가 언급을 거부했다 해당 소식 이후 첫  식시장 거래일인 일 미국시간 오후 시 코인베이스  가는 지난 시간 대비 하락한 달러를 기록했다 이날 금융투자시장은 다우존스산업평균지수와 스탠다드앤드푸어스 지수가 각각 이상 암호화폐 대장 인 비트코인 은 이상 하락하는 등 큰 낙폭을 기록했다
2021-09-23, 국  암호화폐 거래소 고팍스 대표 이준행 가 올해 국 공인 자금 탁방지 전문가 시험에서 국  거래소 중 가장 많은 합격자를 배출했다고 일 밝혔다 고팍스에 따르면 현재까지 자금 탁방지 전담부서 임직원 명 모두가 국 공인 자금 탁방지 전문가 자격증을 취득했다 는 미국 자금 탁방지 전문가협회인 가 발행하는 국  공인 자격증이다 고팍스는 지난해부터 응시료 전액 지원 등 국 외 자금 탁방지 관련 교육 이수와 자격증 취득에 대한 지원을 강화했다 금융회사 등의 자금 탁방지 전문가 자격증 취득 규모는 국 자금 탁방지구 의 국가별 상호평가와 금융정 분석원 의 자금 탁방지  도이행평가  소에 반영된다 고팍스 관계자는 자금 탁방지에 대한 국 외 관심도가 높아지는 가운데 암호화폐 거래소도 기존 금융회사에 준하는 자금 탁방지 역량을 갖춘 인재를 확 해야 한다 며 거래소 오픈 후 지금까지  이스피싱 시도를 이상 방지하며 국  암호화폐 거래소 중 소비자  호에 가장 앞서왔던 것처럼 자금 탁방지에서도 역량을 강화해 소비자들의 신뢰를 유지하겠다 고 밝혔다     도자료는 이번   초 급락한 비트코인은 시장 전체가 반등하면서 다시 만 천달러 이상으로 회복했다 오는 일 비트코인 월 옵션 만기 전까지는 변동성이 계속해서 커질 것으로 거래자들은 예상했다 각종 기술 차트는 만 천달러 저항선을 목표로  한된 상승 여력을 나타 고 있다 미국 연방준비 도 연준 가 테이퍼링 곧 월별 자산 매입 규모를 조만간 축소할 수 있음을 시사했다 이에 따라 이르면 월부터 경기부양책은 축소되며 연말에는 금리가 인상될 것으로  인다 전반적인 암호화폐 시장 심리가 개선된 가운데 일부 분석가는 긴축정책이  식이나 암호화폐 같은 위험 자산에는 오히려 역풍이 될 수 있다고 우려한다 그룹의 조엘 크루거 통화 전략가는 이미 침체된 금리 환경을 감안할 때 중앙은행이 금리 인상을 미룰 여지는 거의 없다 며 더 이상 경기부양책이 암호화폐 시장의 지속가능한 성장을 견인할 것이라는 전망으로 투자자를 현혹해서는 안 된다 고 지적했다 가격 암호화폐 오전 비트코인 만 달러 이더 달러 전통시장 지수 금 온스당 달러 년 만기 미국 국채 금리 비트코인 옵션 만기 데리비트 를 포함한    암호화페 옵션 거래소는 일 수십억 달러 상당의 비트코인 옵션 계약을 결 할 예정이다 비트코인은 현재 거시적인 전망과 각종 규 로 인해 상당한 압력을 받고 있다 따라서 이달 월간 만기가 큰 변수로 작용하지는 않을 것으로 분석가들은 전망했다 스큐에 따르면 총 만 건 약 억 천만달러 상당의 옵션 계약이 일 만료 예정이다 이중 약 만 건이 콜옵션 나머지는 풋옵션이다 전체 미결 약정 규모의 이상을 데리비트 단독으로 처리하게 된다 비트코인 옵션시장은 단기적으로는 암울해  인다 그러나 년 월 만기 리스크 리버설 이 이상으로 유지되면서 장기적으로는 강 가 지속될 전망이다 리스크 리버설은 콜옵션과 풋옵션의  재변동선 간 차이를 측정한 지표다 변동성 현황 암호화폐 헤지펀드 캐피털은 옵션 시장은 엄청난 긴장 상태를  이고 있다 며 비트코인 저항선은 만 천달러선으로 이는 단기 반등을 저해할 수 있다 고 지적했다 는 이어 지난 일 이더 특히 풋옵션 매수에서 롱 감마에 진입했고 그 외 이더와 비트코인에서는 숏 스팟에 진입했다 고 언급했다 롱 감마 옵션 거래자는 기본 자산의 큰 움직임을 바탕으로 기본적으로 수익을  고 있다 아래 차트는 지난 월 이후 소폭 상승한 비트코인  재변동성을  여준다 공급 증가 대체불가능토큰 은 장기 유자가 증가하면서 그 열기가 지속되고 있다 아래 차트는 특정 기간에 전송된 크립토펑크 공급량의 비율을 나타낸다 전송된 것이 반드시 판매로 연결된 건 아니다 년 월 출시된 크립토펑크는 이더리움 블록체인에서 처음으로 출시된  트 중 하나였다 코인메트릭스는 크립토펑크의 공급은 올해 들어 그 어느 때 다 활발하다 며 월 말에는 만 개 중 약 가 최근 개월 이 에 이동했다 아래 차트에서 노란색 빨간색 진한 빨간색 부분 고 전했다 코인메트릭스는 이어 그러나 개월 영역도 증가하고 있는데 이는 올해 초부터 매수자들이 크립토펑크를  유 자산으로  고 있다는 신호일 수 있다 고 덧붙였다 피스 네트워크에서 일시 급락 피스 네트워크 오라클의 피드에서는 비트코인이 한때 달러 오타 아님 까지 급락 매우 불확실한 공시가격에서 청산이 발생했다 오라클 네트워크는 이번 급락은 에 가까운 가격을  시하고 상대적으로 더 높은 가중치를 받는 두 개의 데이터 소스로 인해 발생했다 며 이에 따라 평균 가격이 약 천달러대로 급락했다 고 밝혔다 오라클은 블록체인과 실  데이터 간 다리 역할을 하는 솔라나 기반 네트워크다 알트코인 소식 이더리움 기반 최신   레이어  바 네트워크 출시 엔야 를 기반으로 파운데이션 개발팀이 참여한  바 네트워크가 일 출시됐다 기존 토큰  유자들은 새로운  바 네트워크에 연결할 경우 토큰을 일대일로 받게 된다 토큰 가격은 최근 개월간 급등해 시가총액이 억달러에 근접했다 대퍼 랩스 억 천만달러 유치 대퍼 랩스가 최근 펀딩 라운드에서 억 천만달러를 유치했다 코튜 가 이끈 이번 펀딩 라운드에는 안드리센 호로위츠 구글의 버전 원 벤처스 등이 참여했다 이번 소식에 정통한 관계자에 따르면 이번 자금 유치로 대퍼 랩스 시가총액은 억달러를 기록했다 플로우 토큰은 지난 시간 동안 상승했다 솔라나 기반 오르카 만달러 유치 솔라나 기반의 탈중앙화 거래소 오르카 가 시리즈 펀딩 라운드에서 만달러를 유치했다 이번 펀딩 라운드는 폴리체인과 쓰리 애로우스 플레이스 홀더가  도했다 오르카는 이 자금을 자동화 마켓 메이커 개발에 사용할 예정이다 지난달 거버넌스 토큰을 출시한 오르카의 플랫폼 예치 금액은 약 억 천만달러 거래량은 억 만달러 수준이다 현재 비트코인의 흐름은 기술적으로 년과 유사합니다 위 이미지에서 볼 수 있는 것처럼 년 비트코인 차트를  면 우리는 현재 검은색 점선 화살표 지점에 있는 것과 같습니다 상승장 직전의 하락 라는 얘기입니다 년 비트코인 차트를 볼까  위 이미지에 따르면 년의 비트코인 하락 폭은 년 다는 적은 것을 알 수 있습니다 년에는 가격이 최고 달러에서 최저 달러까지 떨어졌지만 년에는 만 달러에서 만달러 부근까지 하락했죠 그렇기는 해도 년 역시 고점 대비 약 급락하는 모습을  여줬습니다 다음  용은 코인데스크 프리미엄 에서 읽을 수 있습니다     도자료는 미국 중앙은행인 연방준비 도 연준 가 일 현지시각 자산매입 축소 테이퍼링 를 이르면 곧 시작할 수 있다고 밝혔다 금리 인상 시점이  년으로 앞당겨질 가능성도  비쳤다 연준은 이틀동안의 연방공개시장위원회 정례회의를 마친 뒤 성명을  어 물가 고용에서 진전이 예상대로 광범위하게 지속된다면 위원회는 자산매입의 속도 완화가 곧 타당해질 것이라고 판단한다 고 밝혔다 연준은 코로나 사태 속에 매달 억달러 규모의 채권을 매입해 시장에 돈을 풀어왔으나 이를 축소하기 시작할 때가 됐다는 것이다  롬 파월 연준 의장은 이날 기자회견에서 이같은 언어의 목적은 그것이 이르면 다음 번 회의 때가 될 수 있다고 예고하는 것 이라고 말했다 이를 두고 월스트리트 저널 은 이르면 연방공개시장위원회의 다음 번 회의 월 일 부터 테이퍼링이 시작될 수 있다고 풀이했다 다만 전문가들은 월 결정해 월부터 시행에 들어갈 수 있다는 관측도  놓고 있다 파월 의장은 지난달 말 잭슨홀 심포지엄에서는 올해 안에 테이퍼링을 시작하는 게 적절할 수 있다고 말했으나 이날은 다음번 회의 월 를 언급하며 더 구체화했다 파월 의장은 위원회 위원들이 자산매입 축소의 속도에 대해 공식적인 결정을  리지는 않았다면서도 다수 위원은  년 중반께 마무리하는 게 적당할 것 이라는 데 동의했다고 전했다 최소 개월 이상에 걸친 점진적 테이퍼링을  비친 것이다 연준이 조만간 테이퍼링 시작을 좀더 분명하게 예고한 것은 경기회복에 대한 자신감을 반영한다 코로나 델타 바이러스 확산에도 물가와 고용에서 실질적 진전이 이뤄지고 있다는 판단한다는 뜻이다 파월 의장은 이상의 물가상승이 지속되고 고용 증가에 광범위한 진전이 이뤄지면 통화정책 정상화에 들어갈 수 있다고 밝혀왔다 연준은 이날 기준금리는 현재의 로  로 금리 수준을 유지했다 그러면서도 연준은 별도로 공개한 점도표를 통해  년 금리인상 가능성을  비쳤다 명의 위원 중 명이 년 금리인상을  다봤다 지난 월 명이  년 금리인상을 점쳤던 것에서 명 늘어난 것이다     도자료는
2021-09-24, 국  암호화폐 거래소 프로비트 대표 도현수 가 금융위원회 금융정 분석원 에 가상자산사업자 신고서를  출했다고 일 밝혔다 앞서 프로비트는 금융당국의 가이드라인에 따라 지난 일 원화 마켓을 중단하고 테더 마켓으로 전환했다 테더 마켓에는 원화 마켓에 상장된 종목을 그대로 상장했다     도자료는 최악의 유동성 위기로 휘청이고 있는 중국 위 부동산 개발 업체 헝다 에버그란데 가 달러화 표시 채권 이자를 지급하지 못한 것으로 전해졌다 조원대 부채를 진 헝다의 파산 우려가 갈수록 커지고 있다 일 로이터 통신 등의  도를 종합하면 헝다는 액면가 억 천만달러 규모의 달러 채권에 대한 이자 만달러 약 억원 를 전날까지 지급해야 했다 하지만 헝다의 달러화 채권을  유한 외국 투자자들은 이날 오전까지 이자를 받지 못했다 복수의 소식통은 이자가 지급되지 않았으며 헝다 쪽은 이자 지급과 관련한 질의에 답변도 없는 상태 라고 전했다 다만 채권 계약에 따라 이자 지급 예정일로부터 일 간의 유예 기간이 설정돼 있어 당장 채무불이행 디폴트 선언이 이뤄지진 않은 상태다 헝다 쪽은 역시 이날 지급해야 하는 위안화 채권 이자 억 만위안 약 억원 문 를 해결 했다고 전날 밝혔다 하지만 헝다가 이자를  대로 지급한 것이 아니라 채권자와 협상을 통해 일부만 지급하거나 시한을 연장했을 것이란 관측이 우 하다 앞서 헝다는 지난 일 현금 분할 변  실물 자산 변   택 구입 잔금 상계 변  등을 채권 변  방안으로  시한 바 있다 중국 당국은 헝다에 대한 직접 지원 대신 금융시장 안정화에 집중하고 있다 블룸버그 통신은 헝다 사태로 불안감이 증폭된 금융시장 안정화를 위해 인민은행은 이날에만 억위안의 단기 유동성을 공급했다 며 지난 일 동안 인민은행이 금융시장에 투입한 자금은 모두 억위안에 이른다 고 전했다 이와 관련 통신은  부 소식통의 말을 따 중국 금융당국이 최근 헝다 쪽에 현재 진행 중인 부동산 개발 사업을 조속히 마무리하고 개인 투자자의 채권을 적극 변 하는 한편 단기적으로 달러 채권의 채무불이행을 피하기 위한 모든 조처를 취하라고 촉구했다 고  도했다 하지만 채무 이행을 위해 금융당국이 헝다 쪽에 재정적 지원을 할 것이란 정황은 없었던 것으로 전해졌다 월스트리트 저널도 전날 중국 당국이 지방정부와 국유기업 쪽에 헝다가 질서있는 방식으로 문 를 관리하지 못하더라도 개입은 마지막 순간에 하라고 지시했다 고 전했다 당국 차원의 직접 지원 대신 헝다 파산의 후폭풍 을 대비하는 모양새다 신문은 국무원 금융안정발전위원회 위원장 류허 부총리 가 이달 초 지방 정부 쪽에 실무진을 꾸려 헝다 사태와 관련한 사회 경 적 불안을 점검할 것을 지시했다 며 특히 지방정부 별로 회계 법률 전문가를 중심으로 실무진을 구성해 해당 지역에서 헝다가 진행 중인 사업의 금융 상황을 살피고 지역 국영기업과 민간업체 쪽도 헝다의 사업 인수 가능성을 대비하도록 했다 고 덧붙였다 헝다는 현재 중국 여개 도시에서 약 건의 부동산 개발 사업을 진행 중인데 납품 업체에 대한 대금 미지급 등으로 일부 공사는 이미 중단된 것으로 전해졌다     도자료는 거래소의 스테이블 코인  유량 실시간 차트 확인하기 거래소의 스테이블코인  유량이 지속적으로 늘어나고 있습니다 위 이미지에서 볼 수 있는 것처럼 지난 비트코인 가격 고점이었던 만 달러 당시 거래소의 스테이블코인  유량은 약 억달러였습니다 이후 비트코인 가격이 하락했음에도 불구하고 일 기준으로 거래소의 스테이블코인  유량은 약 억달러까지 늘어났습니다 비트코인 고점 당시와 비교하면 거래소의 스테이블코인  유량이 배가량 늘어난 것입니다 다음  용은 코인데스크 프리미엄 에서 읽을 수 있습니다     도자료는 이더리움 온라인 해커톤이 지난 일 마무리됐다 이번 해커톤은 블록체인과 암호화폐 트렌드를 알 수 있는 자리였다 총 개팀 명의 참가자는 이더리움을 활용해 디파이 대체불가능토큰 탈중앙자율조직 등 다양한   로 새로운 블록체인 서비스를 선 였다 그중 우승한 개 팀이 선 인 블록체인 서비스를 소개한다 외틀링 이번 해커톤에서 위를 차지한 외틀링은 서울대학교의 한종빈 송만섭 서윤형 등 명의 학생과 블록체인 개발사 에이아이오티홀딩스의 강기훈 서범경 등 명으로 구성된 팀이다 한종빈 팀장은 블록체인 성능 개선과  안성 향상 에 관심이 많다고 말했다 한 팀장의 말처럼 외틀링은 이번 해커톤에서 효율성과  안성을 높인 다중 서명 지갑을 선 였다 외틀링은 기존 지갑에서  로 사용하는 타원곡선 디지털 서명 알고리듬 대신 임계값 타원 곡선 디지털 서명 알고리듬 을 활용했다 한 팀장은 이를 통해 다수의 참여자 합의를 통해 단일 서명을 지원하는 방식으로 성능을 향상할 수 있었다 고 설명했다 또 외틀링은 지갑의  안을 위해서 블룸필터 를 사용했다 블룸필터는 특정 원소가 집합에 포함 여부를 확인하는데 사용하는 기술이다 블롬필터를 통해 사용자의 공개키를 노출하지 않으면서도 거래에 참여한 참여자를 식별할 수 있었다는 게 외틀링의 설명이다 끝으로 한 팀장은 이번 프로젝트를 발전 시켜 이더리움 블록체인에서 개인 지갑의  안성을 높일 수 있는 연구를 계속해 나가겠다 고 말했다 강다르크 이번 해커톤에서 위를 차지한 강다르크는 여행 경험을 로 발행해 유통할 수 있는 여행 유통 마켓을 선 였다 코로나 로 인해 직접 여행을 가지 못하고 일명 랜선 여행 수 가 늘고 있는 가운데 디지털 여행 경험을 로 만들어 공유하자는 아이디어에서 시작한 프로젝트라고 강다르크는 설명했다 강다르크는 여행 유통 마켓을 통해 다양한 여행 경험을 로 발행하고 여행지별 특별한 를 발행해 판매할 수 있도록 설계했다 특히 사용자 계정을 통해 수집한 나라별 여행지별 를 지도로  여 는 방식으로 수집 흥미를 높인다는 계획이다 강다르크는 여행 유통 마켓과 메타버스를 연계해  유한 를 메타버스에서 경험할 수 있도록 해 현실  계 여행과 흡사한 경험을 할 수 있도록 개발해 나가겠다 고 말했다 실키로드 이번 해커톤에서 위는 실키로드가 차지했다 실키로드는 이더리움 기반으로 콘텐츠  권을 확 하겠다는 아이디어를 선 였다 실크로드는 현재의 유튜브 페이스북 등 빅 커뮤니티 플랫폼이 콘텐츠 큐레이팅을 독점하고 있기 때문에 자체적인 검열 등 창작자와 독자의 콘텐츠  권이 침해당하고 있다 며 블록체인 기술을 활용해 이를 해결하고자 한다 고 말했다 실키로드는 콘텐츠  권을 위해 탈중앙화 방식의 시스템을 고민했다 그 결과 중앙의 단일 노드가 처리하는 기존 방식이 아닌 분산화된 수많은 노드가 처리하는 블록체인이 콘텐츠  권을 확 하기 위해 최적이었다는게 실키로드의 설명이다 한편 이번 이더리움 온라인 해커톤은 지난 월부터 토카막 네트워크 개발사 온더 블록체인  안 솔루션 개발사 수호 서울대학교 블록체인 학회 디사이퍼가 공동으로  최했다 이번 해커톤은 코로나 확산방지와 사회적 거리두기를 고려해 참가신청부터 멘토링 데모 개발 심사평가 등 모든 과정을 온라인으로 진행했다 해커톤 프로젝트 심사는 온더 수호 디사이퍼를 비롯해 김지윤 대표 임완섭 이더리움재단 개발자 김준수 스테이크피시 전략담당자 최윤성 독립컨설턴트 박광성 벤처스 매니징파트너 등 국  블록체인 전문가가 담당했다     도자료는
2021-09-27, 암호화폐 컨설팅 업체 에이트 만명이 넘는 사람들이 엘살바도르의 비트코인 지갑인 치 를 이용하고 있습니다 이는 엘살바도르 전체 인구의 를 넘는 수치이며 엘살바도르   그 어떤 은행 다도 큰 규모입니다 블룸버그 크립토 암호화폐 파생상품 거래소인 는 현재 본사를 바하마에 두고 있습니다 다음  용은 코인데스크 프리미엄 에서 읽을 수 있습니다     도자료는 카르다노 개발사 가 글로벌 케이블 사업자 디시 네트워크 블록체인 오라클 미들웨어 프로젝트 체인링크 와 각각 업무협약을 체결했다 는 일 미국시간 온라인으로 진행한 카르다노 서밋 에서 디시의 통신 서비스에 카르다노 블록체인 기술을 결합하고 디지털 신원증명 서비스를 지원할 계획이라고 발표했다 디시 네트워크는 글로벌 포춘 대 기업으로 년 방송을 시작해 현재 위성 와 인터넷 양방향 서비스를  공하고 있다 이와는 별도로 는 카르다노 개발자들이 탈중앙화금융 디파이 애플리케이션을 위한 스마트 콘트랙트를 구축하는 것을 지원하기 위해 체인링크와도 손을 잡았다 앞으로 카르다노 개발자들은 체인링크의 오라클 스마트 계약에 필 한 외부 데이터를 수집해서 블록체인에 입력해 는 기능 을 통해 디파이에 필 한 외부 정 를 받게 된다 체인링크는 우선 카르다노 블록체인에 실시간 시장 가격 정  피드를 연결하고 이후  험 정 뿐 아니라 게임과 대체불가능토큰 서비스에 사용하기 위한 스포츠 날씨에 대한 정 도  공할 예정이다     도자료는    소식 중국 인민은행 암호화폐 금지 에 호재 중국인민은행이 지난 일 암호화폐와 관련된 거의 모든 활동을 금지한다는 발표 를 했다 중국 정부는 채굴 단속도 계속 이어갈 예정이다 지난 일 싱가포르 기반 거래소 후오비 는 중국인 신규 가입을 중단한다고 발표 했다 이런 움직임은 탈중앙거래소 에 대한 관심 을 높여준 것으로  인다 비트코인과 이더의 정체기가 지속되는 가운데 유니스왑 의 고유 토큰은 시간 사이 이상 올랐으며 스시스왑 의 토큰은 같은 기간 동안 이상 올랐다 로빈후드 곧 디파이  계로 연결된다 미국  식과 암호화폐 거래 애플리케이션 로빈후드 가 곧 디파이 기능 도 추가할 가능성이 있다 지난  로빈후드 크립토 최고운영책임자 크리스틴 브라운은 이용자들이 자신들이  유 중인 토큰들을 더욱 폭넓은 생태계에서도 사용할 수 있게 앱 밖으로 옮길 수 있는 기능이 곧 추가될 수 있다고 말했다 브라운은 지난 월 로빈루드는 나중에 스테이킹과 대출 기능도 추가할 수 있다고 말한 바 있다 월스트리트베츠 암호화폐 섭레딧 생성 올해 초 게임스탑  식 폭등 사태를 일으킨 레딧 포럼 월스트리트베츠 가 암호화폐 섭레딧 을 생성한다고 지난 일 발표했다 여태 월스트리트베츠 관리자들은 암호화폐 관련 논의를 멀리해 왔다 포럼은 지난 월 비트코인 이더 도지코인에 관한 얘기만 허용한다고 발표했다 다른 코인에 대한 얘기는 사실상 금지돼 있었다 여야 국정감사 가상자산 증인으로 업비트 이석우 대표 신청 여야가 국  최대 암호화폐 거래소 업비트의 이석우 대표를 년 국회 정무위원회 국정감사 가상자산 분야의 증인 으로 공동 신청했다 일 국회 정무위원회 소속 민형배 더불어민 당 의원과 윤창현 국민의힘 의원은 업비트 이석우 대표를 국감 증인으로 신청했다 고 밝혔다 고승범 금융위원장 신고접수한 개 가상자산사업자 조속히 심사 국  가상화폐 사업자 개사가 모두 정부에 신고를 마쳤다 정부는 개월 안에 이들 회사에 대한 신고 수리 여부를 결정 할 계획이다 금융당국은 신고 절차가 마무리된 직후인 일부터 가상화폐 사업자들의 영업종료 이행 여부를 점검하며 불법 영업 등 단속에 나서고 있다     도자료는
2021-09-28, 김지호  무사는 법무법인  움에서 가상자산  금 자문을 하고 있다 오늘은 년 월로 시간 여행을 떠납니다 그곳에서 거래소를 통해 스테이킹  상으로 이익을 얻고 있는 최 씨를 만났습니다 스테이킹 이란  유하고 있는 가상자산을 지분 형태로 고정하고 블록체인 네트워크에 예치한 뒤 해당 플랫폼의 운영 및 검증에 참여하여 이에 대한  상으로 가상자산을 받는 거래 형태를 말합니다 전통적인 금융시장에서 은행에 금전을 예치하고 그에 따른  상으로 이자를 받는 것과 수익 과정이 비슷하다고 볼 수 있습니다 최 씨는 지난 년 월부터 거래소를 통해 블록체인 네트워크에 코인을 년간 예치하였고 년 월에 연이율 의 수익을 얻을 예정입니다 그동안 디파이 프로젝트와 스테이킹을 통해 얻은 이익 등에 대해서 한국에서 과 하지 않았는데 최근  법 개정으로 년 월 일부터 가상자산에 대한 전면적인 과 를 시행한다는 소식을 듣고 저를 찾아왔습니다 상담자 정  다음  용은 코인데스크 프리미엄 에서 읽을 수 있습니다     도자료는 디지털리유어스 는 코인데스크 코리아와 함께 하는 아트 매거진입니다 김민지 코로나 확산이 진정되지 않은 상황에서 한국 아티스트 커뮤니티는 클럽하우스와 카카오톡 트위터와 같은 소셜미디어를 중심으로 형성되었습니다 저도 월 말 한 작가님을 통해서 클하 모임 오픈 카톡방을 알게 되었어  막상 들어가 니 사람들이 꽤 많더라고  킹비트 월 일에 카톡방을 열고 한 달도 채 안 되어 막 명 명이 모이시는 거예  솔직히 겁이 나더라고  너무 많은 분들이 들어오셔서  가 정리한 자료를 공유하니까 덜컥 겁이 났어  현업으로 돌아가려고 선우진 님에게 부탁하고 저는 이  좀 쉬어야 할 것 같아  라고 말하면서 카톡방을 도망 나왔는데 마음 속에서 계속 그 커뮤니티 생각이 나는 거예  한 달이 채 안 되어 다시 돌아가서 지금까지 이어오고 있어  카톡방에 아티스트들만 있진 않더라고  블록체인 신기술인 에 관한 흥미와 관심으로 다양한 사람들이 모여 있어  아티스트 컬렉터 뿐 아니라 크리에이터를 찾기 위해 비즈니스 마인드로 들어온 플랫폼 관계자 분들도 계   에 관한 정 는 어떤 경로로 얻으셨나  작가님들과 오픈시 사용법에 관한  부 정 들을 하나하나 연구하며 알아갔어   일 어려웠던 게 에디션을 나누는 방법이었어  해외 자료를 아무리 뒤져도 나오질 않더라고   가 에디션 나누는 법을 알려 는 해외 유튜버를 찾아서 그  용을 담아 증 판 자료를 발행했죠 이렇게 정 를 얻는 것이 굉장히 어려웠고 진입장벽이 높았어  자연스럽게 시작된 한국 최초 메타버스 그룹 전시 월에 커뮤니티 아티스트들이 참여한 한국 최초의 메타버스 그룹 전시 가 열렸었지  년 월 일부터 월 일까지 메타버스 공간인 크립토복셀 에 위치한 이윤성 작가님의 누 갤러리 에서 여명의 커뮤니티 아티스트들이 참여한 전시가 열렸습니다 다양한 메타버스 공간 중 크립토복셀을 전시 공간으로 선택한 이유가 있을까  커뮤니티 초창기만 해도 소수의 핵심 작가들이 활동을 했는데 작품을 오픈시에 올린 후에는 메타버스 공간에  목했어  저는 디센트럴랜드 랑 더 샌드박스 를 알고 있었는데 모바일로 참여할 수 없었고 가상자산 지갑이 있어야 했어  그런데 미스터 미상 작가님이 크립토복셀 이란 공간에 갤러리를 열었다는 소식을 접해서 접속해봤는데 링크만 있으면 들어갈 수가 있더라고  그래서 작가님들에게 접근성이 좋으니 작가님들의 작품을 공개하는 곳으로 여기가 좋습니다 라고 소개해드렸어  코인 현물 거래에 어느 정도 통달한 투자자들은 다음 단계로 선물 마진 거래 에 눈을 돌린다 선물 마진 거래란 투자자들이 거래소 자금을 레버리지로 끼고 본인이 맡긴 증거금 마진 의 수배에서 수백 배에 달하는 금액을 투자할 수 있는 방식이다 특히 선물 거래는 미래의 흐름을 예측해 투자한다는 특성상 마진 거래 다 더 높은 비율의 레버리지를 걸 수 있다 국  거래소들은 코인 선물 마진 거래 서비스를  공하지 않는다 년 코인원이 마진 거래를 지원했다가 도박장 개설 혐의로 수사를 받은 적이 있어서다 코인원은 결국 무혐의 처분을 받았으나 국 에서 마진 거래는 사실상 불가능하다는 게 업계의 중론이다 이 때문에 마진 거래를 하려는 투자자는 바이낸스 바이비트 등 해외 거래소를 이용해야 한다 특히 이들은 무기한 계약 을 지원한다 무기한 계약은 만기와 청산 시점이 정해져 있지 않기에 마진이 충분한 이용자는 자신의 포지션을 계속 유지할 수 있다 그렇다면 각 거래소마다 어떤 특징이 있을까 레버리지 배율 담 물 종류 청산 등의 기준으로 마진 거래에서 유명한   거래소를 비교해봤다 레버리지 배율 레버리지는 차입금 등 타인 자본을 지렛대로 삼아 수익률을 높이는 효과다 레버리지 배율이 높을수록 이익을 많이 볼 수 있지만 반대로 손실도 크게 입을 수 있다 레버리지 배율이 가장 높은 곳은 바이낸스다 바이낸스는 최대 배까지 레버리지를 걸 수 있다 만약 비트코인 공매도 숏 포지션에 걸었을 경우 가격이 약 만 상승해도 청산당한다는 의미다 반대로 같은 상황에서 가격이 약 만 떨어져도 에 가까운 수익율을 기록할 수 있다 일부 거래쌍은 레버리지가 최대 배로  한된다 또한 선물 계정에 등록한 지 일이 지나지 않은 이용자는 최대 배 레버리지밖에 걸 수 없다 일종의 투자자  호 장치인 셈이다 바이낸스는  문 화면에서 레버리지 배율을 조정할 수 있다 바이비트는 최대 배까지 레버리지를  공한다 일부 거래쌍은 바이낸스와 마찬가지로 레버리지가 최대 배에 그친다 는 최대 배까지 레버리지를 걸 수 있었다 그러나 샘 뱅크먼 프라이드 최고경영자 가 월 말 레버리지 한도를 대폭 줄이겠다는 방침을 발표하면서 월부터 신규 가입자의 레버리지는 최대 배로 축소됐다 이용자는  문 화면이 아닌 이용자 설정 화면에서 레버리지 배율을 설정할 수 있다 다음  용은 코인데스크 프리미엄 에서 읽을 수 있습니다     도자료는 비트파이넥스의 파울로 아르도이노 최고기술책임자 그 어떤 사용자도 이번 디버시파이 수수료 문 에 영향을 받지 않을 것입니다 디버시파이는 이미 스스로 이 문 를 해결하기로 했습니다 디버시파이가 스스로 해결하지 못하는 최악의 상황에 이르더라도 비트파이넥스가 회사 자금을 써서라도 문 를 해결할 것입니다 탈중앙거래소 디버시파이 블록체인은 불변입니다 그러나 우리가 속한 블록체인 혁명은 인간으로서의 가치에 의해 정의됩니다 수수료 문 가 발생한 만 번째 블록을 채굴한 채굴자에게 감사의 뜻을 전합니다 우리는 수수료로 발생한 이더리움을 돌려받고 있습니다 이 문 에 대한 구체적인 결과는  일 다시 알려드리겠습니다 다음  용은 코인데스크 프리미엄 에서 읽을 수 있습니다     도자료는
2021-09-29, 조만간 업비트에서 가상자산 암호화폐 거래를 하려면 신분증 확인 절차를 거쳐야 한다 업비트뿐만 아니라 빗썸 코인원 코빗 등 거래소도 사업자 신고 수리가 완료되면 고객의 신원 확인 절차를 진행할 것으로 예상된다 일 금융위원회에 따르면 금융위는 수일  에 가상자산 거래소 업비트에 신고 수리증을 전달할 계획이다 업비트는 신고 수리증을 받으면 특정금융정 법 특금법 에 따른 고객확인 도를 시행한다 특금법 조의 에 따르면 가상자산 사업자는 고객이 신규 계좌를 개설하거나 회 만원 이상 코인 거래를 하는 경우 자금 탁 우려가 있는 경우에 고객 신원을 확인하도록 규정한다 신원 확인은 이용자의 신분증을 사진으로 찍어 앱에 올리고 거래소가 정부 전산망을 통해 진위를 확인하는 방식으로 진행된다 업비트는 앱 공지를 통해 업비트에서 디지털 자산 매매 및 입출금 서비스를 이용하는 모든 회원들은 고객확인을 해야 한다 며 고객 확인을 하지 않은 경우 매매 및 입출금 이용이  한되며 미체결  문도 취소된다 고 말했다 업비트는 다만 한번에 많은 고객이 신원확인을 위해 앱에 접속할 경우 트래픽 과부하 우려가 있어 만원 이상 거래를 하는 경우 먼저 고객 확인  도를 적용하고 만원 미만 거래는 일 일 뒤에 적용하는 식으로 단계적으로 도입할 계획인 것으로 전해졌다 업비트 외에 원화 거래가 가능한 거래소로 신고한 빗썸 코인원 코빗도 당국의 신고 수리가 완료되면 고객 신원확인  도를 운영할 것으로  인다     도자료는 국  대 거래소 가 가상자산사업자 신고 시기에 맞물려 대관 라인을 강화했다 업계는 이들 거래소의 행 가 암호화폐 가상자산 산업의  도권 편입을 염두에 둔 것으로  고 있다 일 각 거래소에 따르면 업비트 빗썸 코인원은 최근 국회와 관 경 단체 출신의 임직원들을 영입했다 업비트는 최근 국민의힘 의원실 출신을 대외협력팀으로 영입했다 그간 업비트 대외협력팀에 더불어민 당 의원실 출신들이 있던 만큼 업비트는 여당과 야당 네트워크를 모두 갖추게 됐다 앞서 업비트는 전 금융감독원 핀테크현장지원자문역 부국장을 투자자  호센터장으로 선임하기도 했다 빗썸은 전국경 인연합회 출신 임원을 커뮤니케이션실 실장으로 데려와 대관 홍  라인을 강화했다 빗썸의 커뮤니케이션실은 정책협력팀과 홍 팀을 총괄한다 그동안 대관 담당자가 없던 코인원에도 국민의힘 의원실 출신이 대외협력실장으로 합류했다 대 거래소 중 하나인 코빗은 아직 대관 전담자가 없다 일단 홍 팀이 대관 업무를 맡고 있으며 가상자산사업자 신고 업무는 컴플라이언스실 등이 소속된 리스크 매니지먼트 본부가 담당하고 있다 개정 특정금융정 법 특금법 시행으로 암호화폐 거래소 산업이 금융당국의 관할에 들어갔다  도권 산업에서는 기업의 입장을 정부와 국회에 전달하는 대관 업무가 필수적인 만큼 거래소들도 그간의 대관 공백 을 메우는 작업에 속도를 올리고 있다 한 거래소 관계자는 가상자산사업자 신고가 수리되기 시작하면 암호화계 거래소 산업이 이전의 스타트업 생태계에서 벗어나 금융권과 성격이 유사해질 것 이라며  도권 산업에선 대외적인 네트워크 구축 필 성이 높다 니 거래소들이 대관 담당자를 모집하고 있다 고 밝혔다     도자료는 중국 대형 전자상거래 기업인 알리바바가 채굴기 판매 중단을 발표한데 이어 오늘 대표적인 암호화폐 채굴 마이닝 업체인 비트메인도 중국   채굴기 판매를 중단할 것이라는 관측이 나오면서 기업들의 운영중단이 가시화되는 양상이다 미국 모바일 결  플랫폼 업체 어펌 홀딩스 가 곧 출시할 직불카드 애플리케이션에서 이용자들이 직접 비트코인 등 암호화폐를 사고 팔 수 있는 서비스를  공할 계획이라고 블룸버그통신이 일  도했다 부산시가 부산 블록체인 특구의 통합 서비스 비패스 를 공공기관 모바일 사원증 등으로 확대 적용할 계획이다 블록체인 기술 전문 기업 블로코가 올리브네트웍스와 대체불가능토큰 기반 티켓솔루션  공을 위한 업무협약을 체결했다고 일 밝혔다 통합결  서비스 기업 다날의 블록체인 자회사이자 페이코인 운영사 다날핀테크는  일 일 부터 전국 이디야커피 매장과 이디야 앱에서 페이코인 결 서비스를 시작한다고 일 밝혔다 미국의 시장금리 상승 에 뉴욕  가가 급락했다 기술  중심의 나스닥 지수는 일 미국시간 가 하락한 에 거래를 마쳐 지난 월 일 이후 넉 달 만에 하루 최대 낙폭을 기록했다고 유피아이 등 외신이  도했다 이번 온체인  고서에서 글래스노드는 중국의 암호화폐 규 로 비트코인 가격이 급락했지만 엘살바도르의 비트코인 채택과 트위터의 라이트닝 네트워크 기반 비트코인 후원 기능 소식 등 긍정적인 뉴스도 나오고 있다 며 온체인 데이터도 비트코인 가격의 상방과 하방을 모두 생각할 수 있는 혼조 가 나타나고 있다 고 평가했다     도자료는 온체인 데이터와 기술적 차트 분석을 해 니 현재 비트코인 흐름은 년 월 월의 불장 시기와 유사합니다   년 월은 비트코인이 달러를 넘어서며 새로운 투자 자산으로 처음  목받았던 시기입니다 비트코인은 년 급등 이후 년간 호황기를 거치다 가격이 반 토막이 나기도 했습니다 현재 비트코인은 년 불장과 유사하게 일 이동평균선 과 일 이동평균선 이 서로 교차하는 모습을  입니다 장기간 거래에 이용되지 않은 코인이 움직이고 있음을 알 수 있는 를  면 년 다 이 수치가 높다는 것을 확인할 수 있습니다 다음  용은 코인데스크 프리미엄 에서 읽을 수 있습니다     도자료는
